,molregno,chembl_id,mw_freebase,alogp,hba,hbd,psa,rtb,ro3_pass,num_ro5_violations,cx_most_apka,cx_most_bpka,cx_logp,cx_logd,molecular_species,full_mwt,aromatic_rings,heavy_atoms,qed_weighted,mw_monoisotopic,full_molformula,hba_lipinski,hbd_lipinski,num_lipinski_ro5_violations
0,1219,CHEMBL6966,454.61,5.09,6.0,0.0,63.95,13.0,N,1.0,,9.68,5.04,2.79,BASE,454.61,2.0,33.0,0.42,454.2832,C27H38N2O4,6.0,0.0,1.0
1,14790,CHEMBL14498,303.84,4.18,3.0,1.0,28.16,5.0,N,0.0,,9.55,3.14,0.81,BASE,303.84,2.0,21.0,0.84,303.1502,C17H22ClN3,3.0,1.0,0.0
2,15890,CHEMBL110,260.25,1.11,5.0,1.0,90.06,5.0,N,0.0,13.68,0.2,1.32,1.32,NEUTRAL,260.25,2.0,19.0,0.64,260.0909,C12H12N4O3,7.0,1.0,0.0
3,17169,CHEMBL114,670.86,3.09,7.0,5.0,166.75,12.0,N,1.0,13.61,8.47,3.16,2.05,NEUTRAL,670.86,3.0,49.0,0.2,670.3843,C38H50N6O5,11.0,6.0,3.0
4,18589,CHEMBL274993,274.36,4.91,1.0,0.0,17.07,2.0,N,0.0,,,5.6,5.6,NEUTRAL,274.36,2.0,21.0,0.71,274.1358,C20H18O,1.0,0.0,0.0
5,27688,CHEMBL282672,162.15,1.04,4.0,2.0,66.24,0.0,N,0.0,11.21,,1.88,1.88,NEUTRAL,162.15,2.0,12.0,0.61,162.0429,C8H6N2O2,4.0,2.0,0.0
6,30864,CHEMBL25988,180.24,0.66,3.0,2.0,63.63,2.0,N,0.0,6.67,3.64,1.23,0.57,NEUTRAL,180.24,1.0,12.0,0.3,180.047,C7H8N4S,4.0,2.0,0.0
7,43896,CHEMBL31000,222.68,2.29,3.0,2.0,45.15,3.0,Y,0.0,,7.29,1.52,1.28,NEUTRAL,222.68,2.0,15.0,0.84,222.056,C11H11ClN2O,3.0,2.0,0.0
8,44987,CHEMBL416771,194.26,0.64,3.0,2.0,63.3,2.0,N,0.0,11.64,2.88,0.68,0.68,NEUTRAL,194.26,1.0,13.0,0.41,194.0626,C8H10N4S,4.0,3.0,0.0
9,99105,CHEMBL418661,314.38,0.53,4.0,3.0,108.03,9.0,N,0.0,3.67,,1.08,-2.24,ACID,314.38,0.0,22.0,0.54,314.1842,C15H26N2O5,7.0,3.0,0.0
10,114631,CHEMBL74689,193.28,1.66,2.0,2.0,50.74,2.0,Y,0.0,6.94,3.64,1.61,1.11,NEUTRAL,193.28,1.0,13.0,0.32,193.0674,C9H11N3S,3.0,2.0,0.0
11,147149,CHEMBL313679,286.2,2.81,2.0,2.0,50.74,3.0,Y,0.0,6.6,3.63,3.08,2.39,NEUTRAL,286.2,1.0,15.0,0.38,284.9935,C10H12BrN3S,3.0,2.0,0.0
12,147999,CHEMBL90512,262.17,2.96,2.0,2.0,50.74,2.0,Y,0.0,6.31,3.63,2.82,1.98,ACID,262.17,1.0,15.0,0.37,260.9894,C9H9Cl2N3S,3.0,2.0,0.0
13,151502,CHEMBL91704,574.75,3.66,5.0,2.0,98.82,11.0,N,1.0,13.99,7.02,3.96,3.81,NEUTRAL,574.75,3.0,41.0,0.36,574.2614,C32H38N4O4S,8.0,2.0,1.0
14,161080,CHEMBL99254,221.69,2.26,3.0,2.0,50.94,3.0,Y,0.0,,9.62,1.41,-0.98,BASE,221.69,2.0,15.0,0.84,221.072,C11H12ClN3,3.0,3.0,0.0
15,231902,CHEMBL344174,337.38,2.16,4.0,2.0,91.22,7.0,N,0.0,11.95,,2.19,2.19,NEUTRAL,337.38,2.0,25.0,0.76,337.1426,C19H19N3O3,6.0,2.0,0.0
16,243798,CHEMBL146616,289.81,3.79,3.0,1.0,28.16,4.0,N,0.0,,9.05,3.08,1.3,BASE,289.81,2.0,20.0,0.93,289.1346,C16H20ClN3,3.0,1.0,0.0
17,243801,CHEMBL148139,291.78,2.63,4.0,1.0,37.39,4.0,N,0.0,,7.43,2.01,1.67,NEUTRAL,291.78,2.0,20.0,0.94,291.1138,C15H18ClN3O,4.0,1.0,0.0
18,255347,CHEMBL1292,473.41,7.49,4.0,1.0,42.21,4.0,N,1.0,,6.63,7.3,7.24,NEUTRAL,473.41,3.0,33.0,0.27,472.1222,C27H22Cl2N4,4.0,1.0,1.0
19,372418,CHEMBL374508,357.41,-1.46,5.0,5.0,172.43,11.0,N,0.0,3.67,11.27,-2.79,-2.79,ZWITTERION,357.41,0.0,25.0,0.13,357.2012,C15H27N5O5,10.0,7.0,1.0
20,381566,CHEMBL227002,238.25,2.63,3.0,0.0,52.97,2.0,Y,0.0,,,2.96,2.96,NEUTRAL,238.25,3.0,18.0,0.51,238.0742,C14H10N2O2,4.0,0.0,0.0
21,381572,CHEMBL226536,238.25,2.63,3.0,0.0,52.97,2.0,Y,0.0,,,2.96,2.96,NEUTRAL,238.25,3.0,18.0,0.51,238.0742,C14H10N2O2,4.0,0.0,0.0
22,391517,CHEMBL242106,221.33,1.98,2.0,2.0,50.41,3.0,Y,0.0,11.71,3.05,2.91,2.91,NEUTRAL,221.33,1.0,15.0,0.47,221.0987,C11H15N3S,3.0,3.0,0.0
23,398688,CHEMBL235241,235.72,2.65,3.0,2.0,50.94,4.0,N,0.0,,9.82,1.47,-1.1,BASE,235.72,2.0,16.0,0.8,235.0876,C12H14ClN3,3.0,3.0,0.0
24,405055,CHEMBL241622,270.31,3.22,4.0,0.0,52.97,3.0,N,0.0,,,3.01,3.01,NEUTRAL,270.31,3.0,19.0,0.54,270.0463,C14H10N2O2S,4.0,0.0,0.0
25,405057,CHEMBL241624,286.31,2.24,4.0,0.0,70.04,3.0,N,0.0,,,1.51,1.51,NEUTRAL,286.31,3.0,20.0,0.69,286.0412,C14H10N2O3S,5.0,0.0,0.0
26,405058,CHEMBL238428,286.31,2.24,4.0,0.0,70.04,3.0,N,0.0,,,1.51,1.51,NEUTRAL,286.31,3.0,20.0,0.69,286.0412,C14H10N2O3S,5.0,0.0,0.0
27,405059,CHEMBL238429,302.31,1.91,5.0,0.0,87.11,3.0,N,0.0,,,1.7,1.7,NEUTRAL,302.31,3.0,21.0,0.69,302.0361,C14H10N2O4S,6.0,0.0,0.0
28,405060,CHEMBL391827,302.31,1.91,5.0,0.0,87.11,3.0,N,0.0,,,1.7,1.7,NEUTRAL,302.31,3.0,21.0,0.69,302.0361,C14H10N2O4S,6.0,0.0,0.0
29,416704,CHEMBL249810,560.65,3.33,7.0,3.0,126.49,14.0,N,1.0,13.02,,4.58,4.58,NEUTRAL,560.65,3.0,41.0,0.2,560.2523,C32H36N2O7,9.0,3.0,1.0
30,416705,CHEMBL274715,560.65,3.33,7.0,3.0,126.49,14.0,N,1.0,13.02,,4.58,4.58,NEUTRAL,560.65,3.0,41.0,0.2,560.2523,C32H36N2O7,9.0,3.0,1.0
31,416706,CHEMBL249814,558.63,3.54,7.0,2.0,123.33,14.0,N,1.0,12.52,,5.19,5.19,NEUTRAL,558.63,3.0,41.0,0.23,558.2366,C32H34N2O7,9.0,2.0,1.0
32,416707,CHEMBL249815,558.63,3.54,7.0,2.0,123.33,14.0,N,1.0,12.52,,5.19,5.19,NEUTRAL,558.63,3.0,41.0,0.23,558.2366,C32H34N2O7,9.0,2.0,1.0
33,447562,CHEMBL460048,237.24,-0.37,5.0,2.0,103.38,2.0,N,0.0,11.71,,0.18,0.18,NEUTRAL,237.24,2.0,16.0,0.32,237.032,C8H7N5O2S,7.0,3.0,0.0
34,447563,CHEMBL460049,277.31,0.45,5.0,2.0,89.39,4.0,N,0.0,11.31,0.0,1.17,1.17,NEUTRAL,277.31,2.0,19.0,0.28,277.0633,C11H11N5O2S,7.0,2.0,0.0
35,447565,CHEMBL512925,270.24,1.85,5.0,0.0,79.27,4.0,N,0.0,,,1.45,1.45,NEUTRAL,270.24,3.0,20.0,0.53,270.0641,C14H10N2O4,6.0,0.0,0.0
36,447567,CHEMBL459639,327.3,1.04,6.0,2.0,129.68,5.0,N,0.0,11.87,1.43,0.97,0.97,NEUTRAL,327.3,3.0,24.0,0.41,327.0968,C15H13N5O4,9.0,3.0,0.0
37,452375,CHEMBL462539,314.7,3.9,4.0,1.0,50.17,3.0,N,0.0,11.44,2.99,4.56,4.55,NEUTRAL,314.7,2.0,21.0,0.69,314.0546,C13H10ClF3N4,4.0,1.0,0.0
38,453254,CHEMBL452599,266.23,2.94,4.0,1.0,50.17,3.0,N,0.0,11.31,3.13,3.82,3.82,NEUTRAL,266.23,2.0,19.0,0.69,266.0779,C12H9F3N4,4.0,1.0,0.0
39,453255,CHEMBL510327,280.25,3.25,4.0,1.0,50.17,3.0,N,0.0,11.33,3.29,4.33,4.33,NEUTRAL,280.25,2.0,20.0,0.69,280.0936,C13H11F3N4,4.0,1.0,0.0
40,453315,CHEMBL455668,280.25,3.25,4.0,1.0,50.17,3.0,N,0.0,11.38,3.32,4.33,4.33,NEUTRAL,280.25,2.0,20.0,0.69,280.0936,C13H11F3N4,4.0,1.0,0.0
41,453316,CHEMBL455669,300.67,3.59,4.0,1.0,50.17,3.0,N,0.0,11.3,2.76,4.42,4.42,NEUTRAL,300.67,2.0,20.0,0.7,300.039,C12H8ClF3N4,4.0,1.0,0.0
42,453317,CHEMBL452693,296.25,2.95,5.0,1.0,59.4,4.0,N,0.0,11.43,3.19,3.66,3.66,NEUTRAL,296.25,2.0,21.0,0.7,296.0885,C13H11F3N4O,5.0,1.0,0.0
43,453318,CHEMBL453633,311.22,2.85,6.0,1.0,93.31,4.0,N,0.0,10.96,2.53,3.76,3.76,NEUTRAL,311.22,2.0,22.0,0.53,311.063,C12H8F3N5O2,7.0,1.0,0.0
44,453319,CHEMBL451256,294.28,3.56,4.0,1.0,50.17,3.0,N,0.0,11.47,3.44,4.46,4.46,NEUTRAL,294.28,2.0,21.0,0.7,294.1092,C14H13F3N4,4.0,1.0,0.0
45,453320,CHEMBL453634,310.28,3.26,5.0,1.0,59.4,4.0,N,0.0,10.86,2.92,3.79,3.79,NEUTRAL,310.28,2.0,22.0,0.7,310.1041,C14H13F3N4O,5.0,1.0,0.0
46,454625,CHEMBL474727,265.34,1.19,4.0,2.0,68.87,3.0,N,0.0,11.67,1.91,1.5,1.5,NEUTRAL,265.34,1.0,18.0,0.63,265.0885,C12H15N3O2S,5.0,3.0,0.0
47,455835,CHEMBL474331,235.31,1.18,3.0,2.0,59.64,2.0,Y,0.0,11.67,2.04,1.66,1.66,NEUTRAL,235.31,1.0,16.0,0.6,235.0779,C11H13N3OS,4.0,3.0,0.0
48,455837,CHEMBL474332,235.31,1.18,3.0,2.0,59.64,2.0,Y,0.0,11.67,2.01,1.66,1.66,NEUTRAL,235.31,1.0,16.0,0.6,235.0779,C11H13N3OS,4.0,3.0,0.0
49,455838,CHEMBL514956,265.34,1.19,4.0,2.0,68.87,3.0,N,0.0,11.67,1.88,1.5,1.5,NEUTRAL,265.34,1.0,18.0,0.63,265.0885,C12H15N3O2S,5.0,3.0,0.0
50,493129,CHEMBL502160,302.42,5.52,1.0,0.0,17.07,2.0,N,1.0,,,6.62,6.62,NEUTRAL,302.42,2.0,23.0,0.67,302.1671,C22H22O,1.0,0.0,1.0
51,518117,CHEMBL454439,220.7,3.71,2.0,1.0,24.92,3.0,N,0.0,,7.31,3.09,2.84,NEUTRAL,220.7,2.0,15.0,0.85,220.0767,C12H13ClN2,2.0,1.0,0.0
52,518120,CHEMBL460418,236.7,2.68,3.0,2.0,45.15,4.0,N,0.0,,7.31,1.58,1.34,NEUTRAL,236.7,2.0,16.0,0.8,236.0716,C12H13ClN2O,3.0,2.0,0.0
53,524517,CHEMBL528696,268.75,4.5,2.0,1.0,24.92,3.0,N,0.0,,7.27,3.93,3.7,NEUTRAL,268.75,3.0,19.0,0.76,268.0767,C16H13ClN2,2.0,1.0,0.0
54,554556,CHEMBL560043,352.38,3.02,7.0,3.0,122.72,4.0,N,0.0,9.91,1.87,1.86,1.86,NEUTRAL,352.38,4.0,25.0,0.49,352.0742,C16H12N6O2S,8.0,4.0,0.0
55,554565,CHEMBL563022,329.31,1.23,7.0,2.0,112.77,4.0,N,0.0,13.04,5.17,1.6,1.6,NEUTRAL,329.31,2.0,24.0,0.81,329.1012,C16H15N3O5,8.0,3.0,0.0
56,554643,CHEMBL540153,275.35,1.45,3.0,3.0,84.22,4.0,N,0.0,,2.75,1.56,1.56,NEUTRAL,275.35,1.0,20.0,0.73,275.1634,C15H21N3O2,5.0,4.0,0.0
57,556377,CHEMBL562106,392.25,2.85,5.0,2.0,94.31,6.0,N,0.0,12.6,5.17,3.5,3.5,NEUTRAL,392.25,2.0,24.0,0.74,391.0532,C17H18BrN3O3,6.0,3.0,0.0
58,558087,CHEMBL541696,340.17,2.77,5.0,2.0,94.31,4.0,N,0.0,11.67,5.17,3.29,3.29,NEUTRAL,340.17,2.0,22.0,0.83,339.0177,C14H11Cl2N3O3,6.0,3.0,0.0
59,558088,CHEMBL563474,325.15,3.18,4.0,1.0,68.29,4.0,N,0.0,11.67,2.16,3.07,3.07,NEUTRAL,325.15,2.0,21.0,0.88,324.0068,C14H10Cl2N2O3,5.0,1.0,0.0
60,561623,CHEMBL554709,398.24,1.99,6.0,3.0,124.51,5.0,N,0.0,10.29,1.54,2.93,2.93,NEUTRAL,398.24,2.0,23.0,0.52,396.9732,C14H12BrN3O4S,7.0,5.0,0.0
61,561624,CHEMBL549615,337.28,2.06,6.0,2.0,103.54,6.0,N,0.0,11.54,5.17,2.86,2.85,NEUTRAL,337.28,2.0,24.0,0.78,337.0874,C15H13F2N3O4,7.0,3.0,0.0
62,561699,CHEMBL570547,338.19,4.1,3.0,1.0,55.4,4.0,N,0.0,11.67,,4.61,4.61,NEUTRAL,338.19,2.0,22.0,0.85,337.0272,C16H13Cl2NO3,4.0,1.0,0.0
63,561700,CHEMBL552244,276.34,0.84,4.0,3.0,97.11,4.0,N,0.0,,5.5,0.94,0.93,NEUTRAL,276.34,1.0,20.0,0.76,276.1586,C14H20N4O2,6.0,4.0,0.0
64,563369,CHEMBL550694,291.35,1.66,5.0,2.0,94.31,4.0,N,0.0,,5.17,2.31,2.31,NEUTRAL,291.35,1.0,21.0,0.65,291.1583,C15H21N3O3,6.0,3.0,0.0
65,576909,CHEMBL568312,286.31,2.24,4.0,0.0,70.04,3.0,N,0.0,,,1.51,1.51,NEUTRAL,286.31,3.0,20.0,0.69,286.0412,C14H10N2O3S,5.0,0.0,0.0
66,576922,CHEMBL568488,302.31,1.91,5.0,0.0,87.11,3.0,N,0.0,,,1.7,1.7,NEUTRAL,302.31,3.0,21.0,0.69,302.0361,C14H10N2O4S,6.0,0.0,0.0
67,576925,CHEMBL577708,266.26,2.36,4.0,0.0,70.04,3.0,N,0.0,,,2.13,2.13,NEUTRAL,266.26,3.0,20.0,0.41,266.0691,C15H10N2O3,5.0,0.0,0.0
68,576926,CHEMBL568613,320.3,2.04,5.0,0.0,87.11,3.0,N,0.0,,,1.84,1.84,NEUTRAL,320.3,3.0,22.0,0.54,320.0267,C14H9FN2O4S,6.0,0.0,0.0
69,576951,CHEMBL568619,296.28,2.37,5.0,0.0,79.27,4.0,N,0.0,,,1.87,1.87,NEUTRAL,296.28,3.0,22.0,0.42,296.0797,C16H12N2O4,6.0,0.0,0.0
70,577043,CHEMBL565655,270.31,3.22,4.0,0.0,52.97,3.0,N,0.0,,,3.01,3.01,NEUTRAL,270.31,3.0,19.0,0.54,270.0463,C14H10N2O2S,4.0,0.0,0.0
71,596233,CHEMBL604281,366.42,2.31,5.0,1.0,85.67,7.0,N,0.0,13.32,,2.51,2.51,NEUTRAL,366.42,2.0,27.0,0.46,366.1692,C20H22N4O3,7.0,1.0,0.0
72,616676,CHEMBL1078675,502.66,5.84,5.0,1.0,76.13,9.0,N,2.0,,0.93,5.68,5.68,NEUTRAL,502.66,4.0,35.0,0.31,502.1385,C28H26N2O3S2,5.0,1.0,2.0
73,616677,CHEMBL1078778,503.65,5.23,6.0,1.0,89.02,9.0,N,2.0,,3.97,4.47,4.46,NEUTRAL,503.65,4.0,35.0,0.34,503.1337,C27H25N3O3S2,6.0,1.0,2.0
74,616678,CHEMBL1078779,504.64,4.63,7.0,1.0,101.91,9.0,N,1.0,13.8,,3.63,3.63,NEUTRAL,504.64,4.0,35.0,0.36,504.129,C26H24N4O3S2,7.0,1.0,1.0
75,616679,CHEMBL1078855,472.57,5.06,5.0,1.0,89.27,9.0,N,1.0,11.92,,5.05,5.05,NEUTRAL,472.57,4.0,34.0,0.37,472.1457,C27H24N2O4S,6.0,1.0,1.0
76,616751,CHEMBL1078981,473.55,4.46,6.0,1.0,102.16,9.0,N,0.0,11.92,3.54,3.84,3.84,NEUTRAL,473.55,4.0,34.0,0.39,473.1409,C26H23N3O4S,7.0,1.0,0.0
77,616752,CHEMBL1079067,473.55,4.46,6.0,1.0,102.16,9.0,N,0.0,11.91,4.12,3.84,3.84,NEUTRAL,473.55,4.0,34.0,0.39,473.1409,C26H23N3O4S,7.0,1.0,0.0
78,616753,CHEMBL1079068,473.55,4.46,6.0,1.0,102.16,9.0,N,0.0,11.85,0.76,4.22,4.22,NEUTRAL,473.55,4.0,34.0,0.39,473.1409,C26H23N3O4S,7.0,1.0,0.0
79,616822,CHEMBL1079106,504.58,5.51,5.0,1.0,89.27,9.0,N,2.0,13.97,,5.48,5.48,NEUTRAL,504.58,4.0,36.0,0.32,504.1519,C28H25FN2O4S,6.0,1.0,2.0
80,616823,CHEMBL1079181,541.72,5.95,5.0,1.0,81.06,10.0,N,2.0,,1.69,6.74,6.74,NEUTRAL,541.72,4.0,39.0,0.27,541.2399,C32H35N3O3S,6.0,1.0,2.0
81,616895,CHEMBL1082216,544.07,6.29,4.0,1.0,80.31,10.0,N,2.0,,,6.8,6.8,NEUTRAL,544.07,4.0,38.0,0.24,543.1271,C31H26ClNO4S,5.0,1.0,2.0
82,651055,CHEMBL1173694,374.24,3.06,3.0,2.0,67.01,6.0,N,0.0,11.81,5.36,2.8,2.8,NEUTRAL,374.24,3.0,23.0,0.7,373.0426,C17H16BrN3O2,5.0,2.0,0.0
83,691215,CHEMBL1224755,276.34,3.7,3.0,0.0,42.85,2.0,N,0.0,,5.39,3.16,3.16,NEUTRAL,276.34,2.0,21.0,0.79,276.1263,C18H16N2O,3.0,0.0,0.0
84,700948,CHEMBL1241726,305.81,3.02,4.0,1.0,37.39,5.0,N,0.0,,7.62,2.07,1.56,NEUTRAL,305.81,2.0,21.0,0.86,305.1295,C16H20ClN3O,4.0,1.0,0.0
85,711631,CHEMBL1275672,309.49,3.56,5.0,1.0,36.75,5.0,N,0.0,8.51,,3.3,3.27,NEUTRAL,309.49,1.0,19.0,0.3,309.0428,C13H15N3S3,3.0,1.0,0.0
86,712161,CHEMBL1276197,225.34,1.6,3.0,2.0,50.41,4.0,N,0.0,11.76,2.55,1.59,1.59,NEUTRAL,225.34,1.0,14.0,0.35,225.0394,C9H11N3S2,3.0,3.0,0.0
87,712162,CHEMBL1276198,293.42,2.76,5.0,1.0,53.82,5.0,N,0.0,7.69,,2.41,2.23,NEUTRAL,293.42,1.0,19.0,0.39,293.0657,C13H15N3OS2,4.0,1.0,0.0
88,712192,CHEMBL1276228,245.31,1.9,4.0,1.0,53.82,3.0,N,0.0,7.41,,1.77,1.47,NEUTRAL,245.31,1.0,17.0,0.65,245.0623,C12H11N3OS,4.0,1.0,0.0
89,712193,CHEMBL1276229,207.3,1.44,2.0,2.0,50.41,4.0,N,0.0,11.77,3.27,1.88,1.88,NEUTRAL,207.3,1.0,14.0,0.45,207.083,C10H13N3S,3.0,3.0,0.0
90,712194,CHEMBL1276230,205.29,1.52,2.0,2.0,50.41,3.0,Y,0.0,11.72,3.3,1.96,1.96,NEUTRAL,205.29,1.0,14.0,0.45,205.0674,C10H11N3S,3.0,3.0,0.0
91,712195,CHEMBL1276231,279.39,2.37,5.0,1.0,53.82,4.0,N,0.0,7.69,,1.97,1.79,NEUTRAL,279.39,1.0,18.0,0.52,279.05,C12H13N3OS2,4.0,1.0,0.0
92,712218,CHEMBL1276253,327.86,3.42,5.0,1.0,53.82,5.0,N,0.0,7.69,,3.02,2.84,NEUTRAL,327.86,1.0,20.0,0.39,327.0267,C13H14ClN3OS2,4.0,1.0,0.0
93,712219,CHEMBL1276254,344.26,2.75,5.0,1.0,53.82,4.0,N,0.0,7.41,,2.17,1.87,NEUTRAL,344.26,1.0,18.0,0.52,342.9449,C11H10BrN3OS2,4.0,1.0,0.0
94,712220,CHEMBL1276255,372.31,3.52,5.0,1.0,53.82,5.0,N,0.0,7.83,,3.26,3.12,NEUTRAL,372.31,1.0,20.0,0.49,370.9762,C13H14BrN3OS2,4.0,1.0,0.0
95,712265,CHEMBL1276300,299.81,2.64,5.0,1.0,53.82,4.0,N,0.0,7.41,,2.0,1.71,NEUTRAL,299.81,1.0,18.0,0.53,298.9954,C11H10ClN3OS2,4.0,1.0,0.0
96,712266,CHEMBL1276301,293.42,2.68,5.0,1.0,53.82,4.0,N,0.0,7.69,,2.48,2.3,NEUTRAL,293.42,1.0,19.0,0.53,293.0657,C13H15N3OS2,4.0,1.0,0.0
97,712267,CHEMBL1276302,309.49,3.48,5.0,1.0,36.75,4.0,N,0.0,8.5,,3.37,3.34,NEUTRAL,309.49,1.0,19.0,0.4,309.0428,C13H15N3S3,3.0,1.0,0.0
98,713030,CHEMBL1277057,341.89,3.81,5.0,1.0,53.82,5.0,N,0.0,7.83,,3.58,3.45,NEUTRAL,341.89,1.0,21.0,0.5,341.0423,C14H16ClN3OS2,4.0,1.0,0.0
99,713118,CHEMBL1277144,321.47,3.46,5.0,1.0,53.82,5.0,N,0.0,7.83,,3.49,3.36,NEUTRAL,321.47,1.0,21.0,0.51,321.097,C15H19N3OS2,4.0,1.0,0.0
100,713119,CHEMBL1277145,339.51,3.44,6.0,2.0,53.82,5.0,N,0.0,6.13,,3.07,1.88,ACID,339.51,1.0,21.0,0.37,339.0534,C14H17N3OS3,4.0,1.0,0.0
101,733945,CHEMBL1310061,237.25,0.96,3.0,2.0,75.63,6.0,N,0.0,3.84,,0.94,-2.31,ACID,237.25,1.0,17.0,0.77,237.1001,C12H15NO4,5.0,2.0,0.0
102,770571,CHEMBL1346687,309.37,2.61,3.0,2.0,67.01,6.0,N,0.0,11.81,5.36,2.54,2.54,NEUTRAL,309.37,3.0,23.0,0.74,309.1477,C18H19N3O2,5.0,2.0,0.0
103,946076,CHEMBL1522192,280.37,2.99,2.0,1.0,32.34,3.0,Y,0.0,13.8,6.86,3.38,3.27,NEUTRAL,280.37,2.0,21.0,0.94,280.1576,C18H20N2O,3.0,1.0,0.0
104,996503,CHEMBL1572619,295.34,2.3,3.0,2.0,67.01,6.0,N,0.0,11.81,5.36,2.03,2.03,NEUTRAL,295.34,3.0,22.0,0.73,295.1321,C17H17N3O2,5.0,2.0,0.0
105,1052789,CHEMBL1630613,383.43,2.02,6.0,2.0,98.62,7.0,N,0.0,11.31,1.69,2.69,2.69,NEUTRAL,383.43,3.0,27.0,0.21,383.1052,C18H17N5O3S,8.0,2.0,0.0
106,1055099,CHEMBL1632060,312.33,0.81,4.0,0.0,78.44,4.0,N,0.0,-4.13,,-0.89,0.44,ACID,312.33,2.0,23.0,0.48,312.111,C17H16N2O4,6.0,0.0,0.0
107,1145652,CHEMBL1774603,291.78,2.0,4.0,1.0,39.6,3.0,N,0.0,,7.82,2.0,1.35,NEUTRAL,291.78,2.0,20.0,0.94,291.1138,C15H18ClN3O,4.0,1.0,0.0
108,1264400,CHEMBL1914484,250.28,1.08,4.0,2.0,93.55,2.0,N,0.0,11.67,1.24,1.76,1.76,NEUTRAL,250.28,1.0,17.0,0.47,250.0524,C10H10N4O2S,6.0,3.0,0.0
109,1264406,CHEMBL1916944,341.44,3.34,4.0,2.0,54.88,4.0,N,0.0,11.35,1.87,3.74,3.74,NEUTRAL,341.44,2.0,24.0,0.66,341.1198,C18H19N3O2S,5.0,2.0,0.0
110,1264408,CHEMBL1916946,375.88,3.99,4.0,2.0,54.88,4.0,N,0.0,11.35,1.41,4.35,4.35,NEUTRAL,375.88,2.0,25.0,0.62,375.0808,C18H18ClN3O2S,5.0,2.0,0.0
111,1320006,CHEMBL1998715,276.19,2.81,2.0,2.0,36.42,2.0,Y,0.0,11.44,1.08,2.94,2.94,NEUTRAL,276.19,1.0,16.0,0.5,275.0051,C10H11Cl2N3S,3.0,2.0,0.0
112,1345872,CHEMBL2036339,262.31,3.31,3.0,0.0,42.85,2.0,N,0.0,,5.39,2.72,2.71,NEUTRAL,262.31,2.0,20.0,0.78,262.1106,C17H14N2O,3.0,0.0,0.0
113,1358241,CHEMBL2064829,319.43,4.88,4.0,1.0,37.28,3.0,N,0.0,11.3,5.37,5.84,5.8,NEUTRAL,319.43,3.0,23.0,0.7,319.1143,C19H17N3S,3.0,1.0,0.0
114,1358244,CHEMBL2064832,379.49,4.9,6.0,1.0,55.74,5.0,N,0.0,11.29,5.1,5.53,5.51,NEUTRAL,379.49,3.0,27.0,0.64,379.1354,C21H21N3O2S,5.0,1.0,0.0
115,1358246,CHEMBL2064834,319.43,4.88,4.0,1.0,37.28,3.0,N,0.0,11.3,5.38,5.84,5.8,NEUTRAL,319.43,3.0,23.0,0.7,319.1143,C19H17N3S,3.0,1.0,0.0
116,1358247,CHEMBL2064835,333.46,5.19,4.0,1.0,37.28,3.0,N,1.0,11.3,5.44,6.35,6.31,NEUTRAL,333.46,3.0,24.0,0.67,333.13,C20H19N3S,3.0,1.0,1.0
117,1358248,CHEMBL2064836,353.88,5.53,4.0,1.0,37.28,3.0,N,1.0,11.27,4.9,6.45,6.43,NEUTRAL,353.88,3.0,24.0,0.63,353.0753,C19H16ClN3S,3.0,1.0,1.0
118,1358249,CHEMBL2064837,369.88,5.23,5.0,1.0,46.51,4.0,N,1.0,11.17,4.64,5.77,5.77,NEUTRAL,369.88,3.0,25.0,0.64,369.0703,C19H16ClN3OS,4.0,1.0,1.0
119,1358254,CHEMBL2064842,333.46,5.19,4.0,1.0,37.28,3.0,N,1.0,11.38,5.49,6.35,6.3,NEUTRAL,333.46,3.0,24.0,0.67,333.13,C20H19N3S,3.0,1.0,1.0
120,1358255,CHEMBL2064843,319.43,4.88,4.0,1.0,37.28,3.0,N,0.0,11.29,5.38,5.84,5.8,NEUTRAL,319.43,3.0,23.0,0.7,319.1143,C19H17N3S,3.0,1.0,0.0
121,1358256,CHEMBL2064844,333.46,5.19,4.0,1.0,37.28,3.0,N,1.0,11.3,5.43,6.35,6.31,NEUTRAL,333.46,3.0,24.0,0.67,333.13,C20H19N3S,3.0,1.0,1.0
122,1424662,CHEMBL2158129,338.32,2.21,7.0,2.0,109.84,5.0,N,0.0,9.14,1.62,3.17,3.17,NEUTRAL,338.32,3.0,25.0,0.55,338.1015,C17H14N4O4,8.0,2.0,0.0
123,1424663,CHEMBL2158130,352.35,2.52,7.0,2.0,109.84,5.0,N,0.0,9.14,1.57,3.67,3.67,NEUTRAL,352.35,3.0,26.0,0.54,352.1172,C18H16N4O4,8.0,2.0,0.0
124,1424664,CHEMBL2158131,356.31,2.35,7.0,2.0,109.84,5.0,N,0.0,9.14,1.22,3.32,3.31,NEUTRAL,356.31,3.0,26.0,0.54,356.0921,C17H13FN4O4,8.0,2.0,0.0
125,1424665,CHEMBL2158132,372.77,2.87,7.0,2.0,109.84,5.0,N,0.0,9.14,1.23,3.74,3.73,NEUTRAL,372.77,3.0,26.0,0.53,372.0625,C17H13ClN4O4,8.0,2.0,0.0
126,1424666,CHEMBL2158133,417.22,2.98,7.0,2.0,109.84,5.0,N,0.0,9.14,1.21,3.95,3.94,NEUTRAL,417.22,3.0,26.0,0.49,416.012,C17H13BrN4O4,8.0,2.0,0.0
127,1424667,CHEMBL2158134,383.32,2.12,9.0,2.0,152.98,6.0,N,0.0,9.14,1.21,3.13,3.12,NEUTRAL,383.32,3.0,28.0,0.37,383.0866,C17H13N5O6,11.0,2.0,1.0
128,1424668,CHEMBL2158135,354.32,1.92,8.0,3.0,130.07,5.0,N,0.0,8.74,1.41,2.9,2.88,NEUTRAL,354.32,3.0,26.0,0.47,354.0964,C17H14N4O5,9.0,3.0,0.0
129,1424669,CHEMBL2158136,368.35,2.22,8.0,2.0,119.07,6.0,N,0.0,9.14,1.4,2.98,2.97,NEUTRAL,368.35,3.0,27.0,0.51,368.1121,C18H16N4O5,9.0,2.0,0.0
130,1424670,CHEMBL2158137,336.31,2.23,7.0,1.0,98.84,4.0,N,0.0,9.33,1.48,3.34,3.33,NEUTRAL,336.31,3.0,25.0,0.58,336.0859,C17H12N4O4,8.0,1.0,0.0
131,1424671,CHEMBL2158138,350.33,2.54,7.0,1.0,98.84,4.0,N,0.0,9.33,1.45,3.84,3.83,NEUTRAL,350.33,3.0,26.0,0.57,350.1015,C18H14N4O4,8.0,1.0,0.0
132,1424766,CHEMBL2158232,354.3,2.37,7.0,1.0,98.84,4.0,N,0.0,9.33,1.1,3.48,3.48,NEUTRAL,354.3,3.0,26.0,0.57,354.0764,C17H11FN4O4,8.0,1.0,0.0
133,1424767,CHEMBL2158233,370.75,2.88,7.0,1.0,98.84,4.0,N,0.0,9.33,1.11,3.9,3.9,NEUTRAL,370.75,3.0,26.0,0.56,370.0469,C17H11ClN4O4,8.0,1.0,0.0
134,1424768,CHEMBL2158234,415.2,2.99,7.0,1.0,98.84,4.0,N,0.0,9.33,1.09,4.11,4.1,NEUTRAL,415.2,3.0,26.0,0.52,413.9964,C17H11BrN4O4,8.0,1.0,0.0
135,1424770,CHEMBL2158236,352.31,1.93,8.0,2.0,119.07,4.0,N,0.0,8.81,1.28,3.06,3.04,NEUTRAL,352.31,3.0,26.0,0.54,352.0808,C17H12N4O5,9.0,2.0,0.0
136,1424771,CHEMBL2158237,366.33,2.24,8.0,1.0,108.07,5.0,N,0.0,9.33,1.28,3.14,3.14,NEUTRAL,366.33,3.0,27.0,0.54,366.0964,C18H14N4O5,9.0,1.0,0.0
137,1441137,CHEMBL2180323,353.45,4.69,6.0,1.0,55.74,7.0,N,0.0,10.34,4.24,4.96,4.95,NEUTRAL,353.45,3.0,25.0,0.49,353.1198,C19H19N3O2S,5.0,1.0,0.0
138,1441138,CHEMBL2180324,341.41,4.82,5.0,1.0,46.51,6.0,N,0.0,10.34,4.06,5.26,5.25,NEUTRAL,341.41,3.0,24.0,0.52,341.0998,C18H16FN3OS,4.0,1.0,0.0
139,1441139,CHEMBL2180325,357.87,5.33,5.0,1.0,46.51,6.0,N,1.0,10.34,4.06,5.72,5.71,NEUTRAL,357.87,3.0,24.0,0.48,357.0703,C18H16ClN3OS,4.0,1.0,1.0
140,1441140,CHEMBL2180326,402.32,5.44,5.0,1.0,46.51,6.0,N,1.0,10.34,4.01,5.88,5.88,NEUTRAL,402.32,3.0,24.0,0.44,401.0197,C18H16BrN3OS,4.0,1.0,1.0
141,1441141,CHEMBL2180327,368.42,4.59,7.0,1.0,89.65,7.0,N,0.0,10.32,3.99,5.05,5.05,NEUTRAL,368.42,3.0,26.0,0.37,368.0943,C18H16N4O3S,7.0,1.0,0.0
142,1441142,CHEMBL2180328,368.42,4.59,7.0,1.0,89.65,7.0,N,0.0,10.32,4.0,5.05,5.05,NEUTRAL,368.42,3.0,26.0,0.37,368.0943,C18H16N4O3S,7.0,1.0,0.0
143,1441143,CHEMBL2180329,392.31,5.98,5.0,1.0,46.51,6.0,N,1.0,10.33,3.66,6.32,6.32,NEUTRAL,392.31,3.0,25.0,0.41,391.0313,C18H15Cl2N3OS,4.0,1.0,1.0
144,1441144,CHEMBL2180330,392.31,5.98,5.0,1.0,46.51,6.0,N,1.0,10.3,3.67,6.32,6.32,NEUTRAL,392.31,3.0,25.0,0.41,391.0313,C18H15Cl2N3OS,4.0,1.0,1.0
145,1441145,CHEMBL2180331,426.76,6.64,5.0,1.0,46.51,6.0,N,1.0,10.3,3.34,6.93,6.93,NEUTRAL,426.76,3.0,26.0,0.27,424.9923,C18H14Cl3N3OS,4.0,1.0,1.0
146,1441146,CHEMBL2180332,379.53,5.97,5.0,1.0,46.51,6.0,N,1.0,10.34,4.35,6.66,6.65,NEUTRAL,379.53,3.0,27.0,0.42,379.1718,C22H25N3OS,4.0,1.0,1.0
147,1441147,CHEMBL2180333,373.48,5.83,5.0,1.0,46.51,6.0,N,1.0,10.34,4.64,6.1,6.09,NEUTRAL,373.48,4.0,27.0,0.34,373.1249,C22H19N3OS,4.0,1.0,1.0
148,1441148,CHEMBL2180334,327.41,4.19,6.0,1.0,59.65,7.0,N,0.0,10.44,3.91,4.11,4.1,NEUTRAL,327.41,3.0,23.0,0.52,327.1041,C17H17N3O2S,5.0,1.0,0.0
149,1441149,CHEMBL2180335,329.45,4.74,6.0,1.0,46.51,6.0,N,0.0,10.24,4.32,4.89,4.88,NEUTRAL,329.45,3.0,22.0,0.52,329.0657,C16H15N3OS2,4.0,1.0,0.0
150,1441150,CHEMBL2180336,337.45,4.11,5.0,0.0,38.88,5.0,N,0.0,,3.16,3.73,3.73,NEUTRAL,337.45,3.0,24.0,0.51,337.1249,C19H19N3OS,4.0,0.0,0.0
151,1441151,CHEMBL2180337,399.52,5.56,5.0,0.0,38.88,6.0,N,1.0,,0.76,5.4,5.4,NEUTRAL,399.52,4.0,29.0,0.31,399.1405,C24H21N3OS,4.0,0.0,1.0
152,1441152,CHEMBL2180338,353.45,3.74,5.0,0.0,54.26,5.0,N,0.0,7.65,,3.57,3.38,NEUTRAL,353.45,2.0,25.0,0.61,353.1198,C19H19N3O2S,5.0,0.0,0.0
153,1441153,CHEMBL2180339,339.42,3.58,5.0,0.0,54.26,5.0,N,0.0,8.2,,3.3,3.23,NEUTRAL,339.42,2.0,24.0,0.62,339.1041,C18H17N3O2S,5.0,0.0,0.0
154,1441154,CHEMBL2180340,353.45,3.97,5.0,0.0,54.26,5.0,N,0.0,8.72,,3.86,3.84,NEUTRAL,353.45,2.0,25.0,0.6,353.1198,C19H19N3O2S,5.0,0.0,0.0
155,1441155,CHEMBL2180341,367.47,4.36,5.0,0.0,54.26,6.0,N,0.0,8.87,,4.39,4.37,NEUTRAL,367.47,2.0,26.0,0.56,367.1354,C20H21N3O2S,5.0,0.0,0.0
156,1441156,CHEMBL2180342,381.5,4.6,5.0,0.0,54.26,6.0,N,0.0,8.99,,4.75,4.74,NEUTRAL,381.5,2.0,27.0,0.54,381.1511,C21H23N3O2S,5.0,0.0,0.0
157,1441157,CHEMBL2180343,415.52,5.32,5.0,0.0,54.26,6.0,N,1.0,8.73,,5.23,5.21,NEUTRAL,415.52,3.0,30.0,0.4,415.1354,C24H21N3O2S,5.0,0.0,1.0
158,1441158,CHEMBL2180344,431.59,6.12,5.0,0.0,37.19,6.0,N,1.0,9.53,,6.12,6.12,NEUTRAL,431.59,3.0,30.0,0.27,431.1126,C24H21N3OS2,4.0,0.0,1.0
159,1441159,CHEMBL2180345,307.44,3.24,5.0,1.0,45.98,5.0,N,0.0,8.65,,3.4,3.37,NEUTRAL,307.44,1.0,20.0,0.52,307.0813,C14H17N3OS2,4.0,1.0,0.0
160,1441160,CHEMBL2180346,381.5,4.66,5.0,0.0,54.26,6.0,N,0.0,8.87,,4.9,4.89,NEUTRAL,381.5,2.0,27.0,0.54,381.1511,C21H23N3O2S,5.0,0.0,0.0
161,1441161,CHEMBL2180347,397.5,4.36,6.0,0.0,63.49,7.0,N,0.0,8.87,,4.23,4.22,NEUTRAL,397.5,2.0,28.0,0.51,397.146,C21H23N3O3S,6.0,0.0,0.0
162,1441162,CHEMBL2180348,373.52,4.48,5.0,0.0,54.26,6.0,N,0.0,7.76,,4.53,4.37,NEUTRAL,373.52,1.0,26.0,0.55,373.1824,C20H27N3O2S,5.0,0.0,0.0
163,1441163,CHEMBL2180349,323.42,4.68,5.0,1.0,46.51,6.0,N,0.0,10.34,4.54,5.11,5.1,NEUTRAL,323.42,3.0,23.0,0.53,323.1092,C18H17N3OS,4.0,1.0,0.0
164,1441164,CHEMBL2180350,324.41,4.07,6.0,1.0,59.4,6.0,N,0.0,10.19,4.25,4.28,4.28,NEUTRAL,324.41,3.0,23.0,0.55,324.1045,C17H16N4OS,5.0,1.0,0.0
165,1441165,CHEMBL2180351,324.41,4.07,6.0,1.0,59.4,6.0,N,0.0,10.31,4.53,3.9,3.89,NEUTRAL,324.41,3.0,23.0,0.55,324.1045,C17H16N4OS,5.0,1.0,0.0
166,1441166,CHEMBL2180352,324.41,4.07,6.0,1.0,59.4,6.0,N,0.0,10.33,4.41,3.9,3.89,NEUTRAL,324.41,3.0,23.0,0.55,324.1045,C17H16N4OS,5.0,1.0,0.0
167,1441167,CHEMBL2180353,337.45,4.99,5.0,1.0,46.51,6.0,N,0.0,10.35,4.6,5.63,5.62,NEUTRAL,337.45,3.0,24.0,0.51,337.1249,C19H19N3OS,4.0,1.0,0.0
168,1441168,CHEMBL2180354,263.32,1.66,5.0,1.0,63.05,4.0,N,0.0,7.41,,1.41,1.12,NEUTRAL,263.32,1.0,18.0,0.66,263.0728,C12H13N3O2S,5.0,1.0,0.0
169,1441169,CHEMBL2180355,277.35,2.05,5.0,1.0,63.05,4.0,N,0.0,7.69,,1.98,1.8,NEUTRAL,277.35,1.0,19.0,0.68,277.0885,C13H15N3O2S,5.0,1.0,0.0
170,1441481,CHEMBL2180664,291.38,2.44,5.0,1.0,63.05,5.0,N,0.0,7.83,,2.51,2.37,NEUTRAL,291.38,1.0,20.0,0.67,291.1041,C14H17N3O2S,5.0,1.0,0.0
171,1441482,CHEMBL2180665,305.4,2.68,5.0,1.0,63.05,5.0,N,0.0,7.96,,2.87,2.76,NEUTRAL,305.4,1.0,21.0,0.67,305.1198,C15H19N3O2S,5.0,1.0,0.0
172,1441483,CHEMBL2180666,339.42,3.4,5.0,1.0,63.05,5.0,N,0.0,7.7,,3.35,3.17,NEUTRAL,339.42,2.0,24.0,0.67,339.1041,C18H17N3O2S,5.0,1.0,0.0
173,1441484,CHEMBL2180667,277.35,2.0,5.0,0.0,54.26,4.0,N,0.0,7.34,,1.64,1.31,NEUTRAL,277.35,1.0,19.0,0.62,277.0885,C13H15N3O2S,5.0,0.0,0.0
174,1441485,CHEMBL2180668,291.38,2.39,5.0,0.0,54.26,4.0,N,0.0,7.64,,2.21,2.01,NEUTRAL,291.38,1.0,20.0,0.63,291.1041,C14H17N3O2S,5.0,0.0,0.0
175,1441486,CHEMBL2180669,305.4,2.78,5.0,0.0,54.26,5.0,N,0.0,7.78,,2.73,2.58,NEUTRAL,305.4,1.0,21.0,0.62,305.1198,C15H19N3O2S,5.0,0.0,0.0
176,1441487,CHEMBL2180670,319.43,3.03,5.0,0.0,54.26,5.0,N,0.0,7.91,,3.09,2.98,NEUTRAL,319.43,1.0,22.0,0.62,319.1354,C16H21N3O2S,5.0,0.0,0.0
177,1449131,CHEMBL2218858,505.57,4.21,8.0,1.0,111.01,7.0,N,1.0,,8.09,4.02,3.26,NEUTRAL,505.57,2.0,37.0,0.34,505.2213,C28H31N3O6,9.0,1.0,1.0
178,1501180,CHEMBL2297590,272.17,2.01,2.0,2.0,50.41,2.0,Y,0.0,11.67,1.59,2.28,2.28,NEUTRAL,272.17,1.0,14.0,0.49,270.9779,C9H10BrN3S,3.0,3.0,0.0
179,1573966,CHEMBL2409542,294.38,4.04,5.0,1.0,50.17,4.0,N,0.0,9.57,2.94,4.19,4.19,NEUTRAL,294.38,3.0,21.0,0.58,294.0939,C16H14N4S,4.0,1.0,0.0
180,1578891,CHEMBL2420104,208.29,0.83,3.0,3.0,76.43,2.0,N,0.0,11.67,4.29,0.68,0.68,NEUTRAL,208.29,1.0,14.0,0.29,208.0783,C9H12N4S,4.0,5.0,0.0
181,1578892,CHEMBL2420105,208.29,0.83,3.0,3.0,76.43,2.0,N,0.0,11.67,4.22,0.68,0.68,NEUTRAL,208.29,1.0,14.0,0.29,208.0783,C9H12N4S,4.0,5.0,0.0
182,1578893,CHEMBL2420106,208.29,0.18,3.0,3.0,76.43,3.0,N,0.0,11.65,7.96,0.59,-0.08,NEUTRAL,244.75,1.0,14.0,0.38,208.0783,C9H13ClN4S,4.0,5.0,0.0
183,1578894,CHEMBL2420107,238.27,1.15,4.0,2.0,93.55,3.0,N,0.0,11.67,1.32,1.45,1.45,NEUTRAL,238.27,1.0,16.0,0.36,238.0524,C9H10N4O2S,6.0,3.0,0.0
184,1578895,CHEMBL2420108,253.29,0.09,5.0,3.0,119.57,4.0,N,0.0,11.64,7.87,0.53,-0.07,NEUTRAL,334.2,1.0,17.0,0.3,253.0633,C9H12BrN5O2S,7.0,5.0,0.0
185,1578896,CHEMBL2420109,253.29,0.73,5.0,3.0,119.57,3.0,N,0.0,11.67,3.0,1.27,1.27,NEUTRAL,253.29,1.0,17.0,0.24,253.0633,C9H11N5O2S,7.0,5.0,0.0
186,1578897,CHEMBL2420110,253.29,0.73,5.0,3.0,119.57,3.0,N,0.0,11.67,2.69,1.27,1.27,NEUTRAL,253.29,1.0,17.0,0.24,253.0633,C9H11N5O2S,7.0,5.0,0.0
187,1578898,CHEMBL2420111,253.29,0.09,5.0,3.0,119.57,4.0,N,0.0,11.65,7.88,0.53,-0.07,NEUTRAL,334.2,1.0,17.0,0.3,253.0633,C9H12BrN5O2S,7.0,5.0,0.0
188,1578899,CHEMBL2420112,254.27,0.12,5.0,3.0,113.78,4.0,N,0.0,11.62,0.54,0.63,0.63,NEUTRAL,254.27,1.0,17.0,0.3,254.0474,C9H10N4O3S,7.0,4.0,0.0
189,1578900,CHEMBL2417578,353.36,0.11,6.0,4.0,159.95,8.0,N,0.0,3.67,0.84,0.17,-3.15,ACID,353.36,1.0,24.0,0.22,353.0794,C13H15N5O5S,10.0,5.0,0.0
190,1578901,CHEMBL2420113,354.34,0.54,7.0,3.0,157.15,8.0,N,0.0,3.53,0.48,0.9,-2.47,ACID,354.34,1.0,24.0,0.2,354.0634,C13H14N4O6S,10.0,4.0,0.0
191,1612781,CHEMBL3104697,350.33,4.33,5.0,0.0,103.35,4.0,N,0.0,,,5.03,5.03,,350.33,2.0,26.0,0.46,350.0903,C19H14N2O5,7.0,0.0,0.0
192,1612783,CHEMBL3104699,376.46,6.0,3.0,0.0,42.85,2.0,N,1.0,,4.87,5.91,5.91,NEUTRAL,376.46,4.0,29.0,0.4,376.1576,C26H20N2O,3.0,0.0,1.0
193,1612785,CHEMBL3104701,376.46,6.0,3.0,0.0,42.85,2.0,N,1.0,,5.31,5.14,5.14,NEUTRAL,376.46,4.0,29.0,0.4,376.1576,C26H20N2O,3.0,0.0,1.0
194,1612788,CHEMBL3104704,510.6,2.87,9.0,2.0,118.95,10.0,N,1.0,,0.7,3.8,3.8,NEUTRAL,510.6,4.0,38.0,0.31,510.2379,C29H30N6O3,9.0,2.0,1.0
195,1617070,CHEMBL3114105,328.83,4.69,5.0,1.0,50.17,4.0,N,0.0,9.57,2.92,4.79,4.79,NEUTRAL,328.83,3.0,22.0,0.56,328.0549,C16H13ClN4S,4.0,1.0,0.0
196,1621223,CHEMBL3121897,282.33,1.57,5.0,2.0,102.78,5.0,N,0.0,11.69,0.67,2.11,2.11,NEUTRAL,282.33,1.0,19.0,0.37,282.0787,C11H14N4O3S,7.0,3.0,0.0
197,1621224,CHEMBL3121898,294.38,1.62,4.0,3.0,88.74,5.0,N,0.0,11.69,1.08,1.41,1.41,NEUTRAL,294.38,1.0,20.0,0.44,294.115,C13H18N4O2S,6.0,4.0,0.0
198,1621227,CHEMBL3121901,271.77,2.32,3.0,2.0,59.64,4.0,N,0.0,11.69,0.8,2.78,2.78,NEUTRAL,271.77,1.0,17.0,0.5,271.0546,C11H14ClN3OS,4.0,3.0,0.0
199,1621229,CHEMBL3121903,316.22,2.43,3.0,2.0,59.64,4.0,N,0.0,11.69,0.76,2.94,2.94,NEUTRAL,316.22,1.0,17.0,0.51,315.0041,C11H14BrN3OS,4.0,3.0,0.0
200,1621230,CHEMBL3121904,316.22,2.43,3.0,2.0,59.64,4.0,N,0.0,11.69,0.76,2.94,2.94,NEUTRAL,316.22,1.0,17.0,0.51,315.0041,C11H14BrN3OS,4.0,3.0,0.0
201,1621231,CHEMBL3121905,363.22,2.27,3.0,2.0,59.64,4.0,N,0.0,11.69,0.73,3.1,3.1,NEUTRAL,363.22,1.0,17.0,0.37,362.9902,C11H14IN3OS,4.0,3.0,0.0
202,1621232,CHEMBL3121906,313.43,3.33,3.0,2.0,59.64,5.0,N,0.0,11.69,1.52,3.82,3.82,NEUTRAL,313.43,2.0,22.0,0.5,313.1249,C17H19N3OS,4.0,3.0,0.0
203,1621234,CHEMBL3121908,313.43,3.33,3.0,2.0,59.64,5.0,N,0.0,11.69,1.69,3.82,3.82,NEUTRAL,313.43,2.0,22.0,0.5,313.1249,C17H19N3OS,4.0,3.0,0.0
204,1621235,CHEMBL3121909,329.43,3.46,4.0,2.0,68.87,6.0,N,0.0,11.69,0.88,3.67,3.67,NEUTRAL,329.43,2.0,23.0,0.48,329.1198,C17H19N3O2S,5.0,3.0,0.0
205,1621236,CHEMBL3121910,287.39,2.82,3.0,2.0,59.64,4.0,N,0.0,11.69,1.66,3.16,3.16,NEUTRAL,287.39,2.0,20.0,0.52,287.1092,C15H17N3OS,4.0,3.0,0.0
206,1621241,CHEMBL3121915,237.33,1.66,3.0,2.0,59.64,4.0,N,0.0,11.69,1.53,2.17,2.17,NEUTRAL,237.33,1.0,16.0,0.47,237.0936,C11H15N3OS,4.0,3.0,0.0
207,1727138,CHEMBL3220735,456.55,3.1,5.0,1.0,83.84,6.0,N,0.0,,11.25,3.55,2.35,BASE,456.55,4.0,34.0,0.27,456.2274,C26H28N6O2,8.0,1.0,0.0
208,1727139,CHEMBL3220736,442.52,3.06,5.0,1.0,83.84,5.0,N,0.0,,11.02,3.3,2.1,BASE,442.52,4.0,33.0,0.29,442.2117,C25H26N6O2,8.0,1.0,0.0
209,1727140,CHEMBL3220737,428.5,3.38,5.0,1.0,83.84,4.0,N,0.0,,9.42,3.35,2.2,BASE,428.5,4.0,32.0,0.3,428.1961,C24H24N6O2,8.0,1.0,0.0
210,1727141,CHEMBL3220738,432.48,2.65,6.0,1.0,96.98,5.0,N,0.0,,10.51,2.25,1.05,BASE,432.48,4.0,32.0,0.29,432.191,C23H24N6O3,9.0,1.0,0.0
211,1727142,CHEMBL3220739,498.63,2.05,4.0,1.0,83.01,6.0,N,0.0,-4.28,11.32,-1.92,0.55,ZWITTERION,498.63,3.0,37.0,0.24,498.2743,C29H34N6O2,8.0,1.0,0.0
212,1727143,CHEMBL3220740,484.6,2.01,4.0,1.0,83.01,5.0,N,0.0,-4.29,11.1,-2.21,0.27,ZWITTERION,484.6,3.0,36.0,0.26,484.2587,C28H32N6O2,8.0,1.0,0.0
213,1727144,CHEMBL3220741,474.57,1.6,5.0,1.0,96.15,5.0,N,0.0,-4.31,10.58,-3.15,-0.67,ZWITTERION,474.57,3.0,35.0,0.26,474.2379,C26H30N6O3,9.0,1.0,0.0
214,1727145,CHEMBL3220742,308.43,2.6,2.0,2.0,39.66,4.0,N,0.0,,10.72,3.19,0.33,BASE,308.43,2.0,23.0,0.67,308.2001,C19H24N4,4.0,2.0,0.0
215,1727146,CHEMBL3220743,294.4,2.56,2.0,2.0,39.66,3.0,Y,0.0,,10.56,2.9,0.07,BASE,294.4,2.0,22.0,0.67,294.1844,C18H22N4,4.0,2.0,0.0
216,1727147,CHEMBL3220744,280.37,2.69,2.0,2.0,39.66,2.0,Y,0.0,,10.12,2.77,0.75,BASE,280.37,2.0,21.0,0.66,280.1688,C17H20N4,4.0,2.0,0.0
217,1727148,CHEMBL3220745,284.36,2.15,3.0,2.0,52.8,3.0,Y,0.0,,10.01,1.96,-0.73,BASE,284.36,2.0,21.0,0.67,284.1637,C16H20N4O,5.0,2.0,0.0
218,1728363,CHEMBL3221948,319.06,,,,,,,,,,,,,319.06,,,,318.9223,C9H10BrN3Se,,,
219,1728364,CHEMBL3221949,305.04,,,,,,,,,,,,,305.04,,,,304.9067,C8H8BrN3Se,,,
220,1728365,CHEMBL3221950,295.03,,,,,,,,,,,,,295.03,,,,294.9182,C8H7Cl2N3Se,,,
221,1728366,CHEMBL3221951,294.14,,,,,,,,,,,,,294.14,,,,294.9836,C9H8F3N3Se,,,
222,1728367,CHEMBL3221952,460.03,,,,,,,,,,,,,460.03,,,,458.8485,C14H11Br2N3Se,,,
223,1728368,CHEMBL3221953,351.14,,,,,,,,,,,,,351.14,,,,350.9808,C12H15Cl2N3Se,,,
224,1731580,CHEMBL3233081,313.33,2.44,3.0,2.0,67.01,6.0,N,0.0,11.81,5.36,2.17,2.17,NEUTRAL,313.33,3.0,23.0,0.73,313.1227,C17H16FN3O2,5.0,2.0,0.0
225,1731581,CHEMBL3233082,329.79,2.95,3.0,2.0,67.01,6.0,N,0.0,11.81,5.36,2.64,2.63,NEUTRAL,329.79,3.0,23.0,0.73,329.0931,C17H16ClN3O2,5.0,2.0,0.0
226,1731582,CHEMBL3233083,421.24,2.91,3.0,2.0,67.01,6.0,N,0.0,11.81,5.36,2.96,2.96,NEUTRAL,421.24,3.0,23.0,0.6,421.0287,C17H16IN3O2,5.0,2.0,0.0
227,1731583,CHEMBL3233084,320.35,2.17,4.0,2.0,90.8,6.0,N,0.0,11.81,5.36,1.89,1.88,NEUTRAL,320.35,3.0,24.0,0.73,320.1273,C18H16N4O2,6.0,2.0,0.0
228,1731584,CHEMBL3233085,340.34,2.21,5.0,2.0,110.15,7.0,N,0.0,11.8,5.36,1.97,1.97,NEUTRAL,340.34,3.0,25.0,0.51,340.1172,C17H16N4O4,8.0,2.0,0.0
229,1731585,CHEMBL3233086,310.36,1.88,4.0,3.0,93.03,6.0,N,0.0,11.81,5.39,1.2,1.2,NEUTRAL,310.36,3.0,23.0,0.61,310.143,C17H18N4O2,6.0,4.0,0.0
230,1731586,CHEMBL3233087,352.39,2.26,4.0,3.0,96.11,7.0,N,0.0,11.74,5.36,1.27,1.27,NEUTRAL,352.39,3.0,26.0,0.61,352.1535,C19H20N4O3,7.0,3.0,0.0
231,1731587,CHEMBL3233088,374.24,3.06,3.0,2.0,67.01,6.0,N,0.0,11.81,5.36,2.8,2.8,NEUTRAL,374.24,3.0,23.0,0.7,373.0426,C17H16BrN3O2,5.0,2.0,0.0
232,1731588,CHEMBL3233089,374.24,3.06,3.0,2.0,67.01,6.0,N,0.0,11.81,5.36,2.8,2.8,NEUTRAL,374.24,3.0,23.0,0.7,373.0426,C17H16BrN3O2,5.0,2.0,0.0
233,1731589,CHEMBL3233090,345.4,3.45,3.0,2.0,67.01,6.0,N,0.0,11.81,5.36,3.02,3.02,NEUTRAL,345.4,4.0,26.0,0.56,345.1477,C21H19N3O2,5.0,2.0,0.0
234,1731590,CHEMBL3233091,345.4,3.45,3.0,2.0,67.01,6.0,N,0.0,11.81,5.36,3.02,3.02,NEUTRAL,345.4,4.0,26.0,0.56,345.1477,C21H19N3O2,5.0,2.0,0.0
235,1731591,CHEMBL3233092,373.41,3.27,4.0,2.0,84.08,7.0,N,0.0,11.81,5.36,2.73,2.73,NEUTRAL,373.41,4.0,28.0,0.49,373.1426,C22H19N3O3,6.0,2.0,0.0
236,1731592,CHEMBL3233093,375.43,2.95,4.0,3.0,87.24,7.0,N,0.0,11.81,5.36,2.25,2.25,NEUTRAL,375.43,4.0,28.0,0.46,375.1583,C22H21N3O3,6.0,3.0,0.0
237,1731593,CHEMBL3233094,361.4,3.16,4.0,3.0,87.24,6.0,N,0.0,9.55,5.36,2.72,2.71,NEUTRAL,361.4,4.0,27.0,0.49,361.1426,C21H19N3O3,6.0,3.0,0.0
238,1731594,CHEMBL3233095,424.3,4.22,3.0,2.0,67.01,6.0,N,0.0,11.81,5.36,3.79,3.79,NEUTRAL,424.3,4.0,27.0,0.49,423.0582,C21H18BrN3O2,5.0,2.0,0.0
239,1731595,CHEMBL3233096,372.27,3.62,2.0,2.0,57.78,6.0,N,0.0,11.81,5.36,3.56,3.56,NEUTRAL,372.27,3.0,23.0,0.69,371.0633,C18H18BrN3O,4.0,2.0,0.0
240,1731596,CHEMBL3233097,311.41,3.01,3.0,2.0,57.78,6.0,N,0.0,11.81,5.36,2.51,2.5,NEUTRAL,311.41,3.0,22.0,0.69,311.1092,C17H17N3OS,4.0,2.0,0.0
241,1731597,CHEMBL3233098,309.37,2.69,3.0,2.0,67.01,7.0,N,0.0,11.81,5.36,2.27,2.26,NEUTRAL,309.37,3.0,23.0,0.7,309.1477,C18H19N3O2,5.0,2.0,0.0
242,1731598,CHEMBL3233099,295.39,3.08,3.0,2.0,49.94,7.0,N,0.0,12.44,9.28,3.29,1.41,BASE,295.39,3.0,22.0,0.66,295.1685,C18H21N3O,4.0,2.0,0.0
243,1731599,CHEMBL3233100,276.38,1.98,3.0,1.0,41.57,6.0,N,0.0,,8.27,2.09,1.17,NEUTRAL,276.38,1.0,20.0,0.86,276.1838,C16H24N2O2,4.0,1.0,0.0
244,1731600,CHEMBL3233013,341.25,2.43,3.0,1.0,41.57,6.0,N,0.0,,8.27,2.35,1.42,NEUTRAL,341.25,1.0,20.0,0.86,340.0786,C15H21BrN2O2,4.0,1.0,0.0
245,1731601,CHEMBL3233101,339.28,2.98,2.0,1.0,32.34,6.0,N,0.0,,8.42,3.11,2.05,NEUTRAL,339.28,1.0,20.0,0.86,338.0994,C16H23BrN2O,3.0,1.0,0.0
246,1731602,CHEMBL3233102,308.38,3.21,2.0,2.0,54.12,6.0,N,0.0,,,3.34,3.34,NEUTRAL,308.38,3.0,23.0,0.73,308.1525,C19H20N2O2,4.0,2.0,0.0
247,1731603,CHEMBL3233103,423.31,4.82,2.0,2.0,54.12,6.0,N,0.0,,,4.58,4.58,NEUTRAL,423.31,4.0,27.0,0.47,422.063,C22H19BrN2O2,4.0,2.0,0.0
248,1731604,CHEMBL3233104,355.46,3.17,5.0,1.0,75.01,7.0,N,0.0,,1.7,3.27,3.27,NEUTRAL,355.46,2.0,25.0,0.61,355.1354,C19H21N3O2S,5.0,1.0,0.0
249,1731605,CHEMBL3233105,326.4,2.2,3.0,2.0,67.43,8.0,N,0.0,,,2.08,2.08,NEUTRAL,326.4,2.0,24.0,0.78,326.163,C19H22N2O3,5.0,2.0,0.0
250,1731606,CHEMBL3233106,312.37,2.52,3.0,2.0,67.43,7.0,N,0.0,,,2.37,2.37,NEUTRAL,312.37,2.0,23.0,0.83,312.1474,C18H20N2O3,5.0,2.0,0.0
251,1731607,CHEMBL3233107,328.37,2.22,4.0,3.0,87.66,7.0,N,0.0,9.46,,2.07,2.07,NEUTRAL,328.37,2.0,24.0,0.68,328.1423,C18H20N2O4,6.0,3.0,0.0
252,1731608,CHEMBL3233108,328.37,2.22,4.0,3.0,87.66,7.0,N,0.0,8.79,,2.07,2.05,NEUTRAL,328.37,2.0,24.0,0.68,328.1423,C18H20N2O4,6.0,3.0,0.0
253,1731609,CHEMBL3233109,364.4,3.07,4.0,3.0,87.66,7.0,N,0.0,8.79,,2.55,2.53,NEUTRAL,364.4,3.0,27.0,0.56,364.1423,C21H20N2O4,6.0,3.0,0.0
254,1731610,CHEMBL3233110,358.35,1.7,6.0,3.0,136.59,8.0,N,0.0,13.85,3.32,0.97,0.97,NEUTRAL,358.35,2.0,26.0,0.37,358.1277,C17H18N4O5,9.0,4.0,0.0
255,1731611,CHEMBL3233111,279.73,1.8,3.0,2.0,67.01,6.0,N,0.0,12.93,6.75,0.9,0.84,NEUTRAL,279.73,2.0,19.0,0.85,279.0775,C13H14ClN3O2,5.0,2.0,0.0
256,1731612,CHEMBL3233112,295.34,2.3,3.0,2.0,67.01,6.0,N,0.0,12.94,6.75,1.29,1.22,NEUTRAL,295.34,3.0,22.0,0.73,295.1321,C17H17N3O2,5.0,2.0,0.0
257,1731613,CHEMBL3233113,310.35,2.87,4.0,1.0,64.36,6.0,N,0.0,,,2.6,2.6,NEUTRAL,310.35,3.0,23.0,0.76,310.1317,C18H18N2O3,5.0,1.0,0.0
258,1731614,CHEMBL3233114,346.39,3.72,4.0,1.0,64.36,6.0,N,0.0,,,3.08,3.08,NEUTRAL,346.39,4.0,26.0,0.58,346.1317,C21H18N2O3,5.0,1.0,0.0
259,1731615,CHEMBL3233115,383.88,4.0,4.0,1.0,56.15,9.0,N,0.0,,4.94,3.88,3.88,NEUTRAL,383.88,3.0,27.0,0.57,383.1401,C21H22ClN3O2,5.0,1.0,0.0
260,1731616,CHEMBL3233116,416.28,3.2,5.0,1.0,73.22,6.0,N,0.0,,1.15,2.12,2.12,NEUTRAL,416.28,3.0,26.0,0.67,415.0532,C19H18BrN3O3,6.0,1.0,0.0
261,1731617,CHEMBL3233117,382.38,2.34,7.0,1.0,116.36,7.0,N,0.0,,1.15,1.29,1.29,NEUTRAL,382.38,3.0,28.0,0.5,382.1277,C19H18N4O5,9.0,1.0,0.0
262,1731618,CHEMBL3233118,458.74,4.87,3.0,2.0,67.01,6.0,N,0.0,11.7,5.15,4.39,4.39,NEUTRAL,458.74,4.0,28.0,0.43,457.0193,C21H17BrClN3O2,5.0,2.0,0.0
263,1731619,CHEMBL3233119,454.32,4.22,4.0,2.0,76.24,7.0,N,0.0,12.14,5.82,3.63,3.62,NEUTRAL,454.32,4.0,29.0,0.44,453.0688,C22H20BrN3O3,6.0,2.0,0.0
264,1731620,CHEMBL3233120,438.33,4.52,3.0,2.0,67.01,6.0,N,0.0,12.08,5.79,4.3,4.29,NEUTRAL,438.33,4.0,28.0,0.47,437.0739,C22H20BrN3O2,5.0,2.0,0.0
265,1761634,CHEMBL3291070,524.57,6.5,7.0,3.0,97.61,5.0,N,2.0,8.95,,6.0,5.99,NEUTRAL,524.57,4.0,39.0,0.27,524.1835,C32H28O7,7.0,3.0,2.0
266,1761635,CHEMBL3291071,538.6,6.8,7.0,2.0,86.61,6.0,N,2.0,9.09,,6.15,6.14,NEUTRAL,538.6,4.0,40.0,0.28,538.1992,C33H30O7,7.0,2.0,2.0
267,1761636,CHEMBL3291072,508.57,6.8,6.0,2.0,77.38,5.0,N,2.0,9.09,,6.31,6.3,NEUTRAL,508.57,4.0,38.0,0.31,508.1886,C32H28O6,6.0,2.0,2.0
268,1788490,CHEMBL3329504,280.36,3.65,5.0,1.0,50.17,4.0,N,0.0,9.99,3.11,4.63,4.63,NEUTRAL,280.36,3.0,20.0,0.59,280.0783,C15H12N4S,4.0,1.0,0.0
269,1788491,CHEMBL3329505,294.38,3.96,5.0,1.0,50.17,4.0,N,0.0,10.0,3.11,5.15,5.15,NEUTRAL,294.38,3.0,21.0,0.59,294.0939,C16H14N4S,4.0,1.0,0.0
270,1788492,CHEMBL3329506,359.25,4.41,5.0,1.0,50.17,4.0,N,0.0,9.99,3.08,5.4,5.4,NEUTRAL,359.25,3.0,21.0,0.55,357.9888,C15H11BrN4S,4.0,1.0,0.0
271,1788493,CHEMBL3329507,373.28,4.72,5.0,1.0,50.17,4.0,N,0.0,10.7,3.14,6.05,6.05,NEUTRAL,373.28,3.0,22.0,0.53,372.0044,C16H13BrN4S,4.0,1.0,0.0
272,1788494,CHEMBL3329508,298.35,3.79,5.0,1.0,50.17,4.0,N,0.0,9.99,3.08,4.78,4.78,NEUTRAL,298.35,3.0,21.0,0.59,298.0688,C15H11FN4S,4.0,1.0,0.0
273,1788495,CHEMBL3329509,310.38,3.66,6.0,1.0,59.4,5.0,N,0.0,10.0,3.09,4.48,4.47,NEUTRAL,310.38,3.0,22.0,0.58,310.0888,C16H14N4OS,5.0,1.0,0.0
274,1788496,CHEMBL3329510,314.8,4.3,5.0,1.0,50.17,4.0,N,0.0,9.99,3.08,5.24,5.24,NEUTRAL,314.8,3.0,21.0,0.58,314.0393,C15H11ClN4S,4.0,1.0,0.0
275,1788497,CHEMBL3329511,349.25,4.96,5.0,1.0,50.17,4.0,N,0.0,9.96,3.07,5.84,5.84,NEUTRAL,349.25,3.0,22.0,0.54,348.0003,C15H10Cl2N4S,4.0,1.0,0.0
276,1788498,CHEMBL3329512,349.25,4.96,5.0,1.0,50.17,4.0,N,0.0,9.99,3.07,5.84,5.84,NEUTRAL,349.25,3.0,22.0,0.54,348.0003,C15H10Cl2N4S,4.0,1.0,0.0
277,1788499,CHEMBL3329513,325.35,3.56,7.0,1.0,93.31,5.0,N,0.0,9.98,3.08,4.57,4.57,NEUTRAL,325.35,3.0,23.0,0.44,325.0633,C15H11N5O2S,7.0,1.0,0.0
278,1788500,CHEMBL3329223,325.35,3.56,7.0,1.0,93.31,5.0,N,0.0,9.98,3.08,4.57,4.57,NEUTRAL,325.35,3.0,23.0,0.44,325.0633,C15H11N5O2S,7.0,1.0,0.0
279,1788501,CHEMBL3329514,330.42,4.8,5.0,1.0,50.17,4.0,N,0.0,9.99,3.12,5.62,5.62,NEUTRAL,330.42,4.0,24.0,0.43,330.0939,C19H14N4S,4.0,1.0,0.0
280,1788502,CHEMBL3329515,308.41,4.35,5.0,1.0,50.17,4.0,N,0.0,9.58,2.94,4.7,4.7,NEUTRAL,308.41,3.0,22.0,0.58,308.1096,C17H16N4S,4.0,1.0,0.0
281,1788503,CHEMBL3329516,373.28,4.8,5.0,1.0,50.17,4.0,N,0.0,9.57,2.92,4.96,4.96,NEUTRAL,373.28,3.0,22.0,0.53,372.0044,C16H13BrN4S,4.0,1.0,0.0
282,1788504,CHEMBL3329517,387.31,5.11,5.0,1.0,50.17,4.0,N,1.0,10.29,3.0,5.6,5.6,NEUTRAL,387.31,3.0,23.0,0.5,386.0201,C17H15BrN4S,4.0,1.0,1.0
283,1788505,CHEMBL3329518,312.37,4.18,5.0,1.0,50.17,4.0,N,0.0,9.58,2.92,4.33,4.33,NEUTRAL,312.37,3.0,22.0,0.58,312.0845,C16H13FN4S,4.0,1.0,0.0
284,1788506,CHEMBL3329519,324.41,4.05,6.0,1.0,59.4,5.0,N,0.0,9.58,2.92,4.03,4.03,NEUTRAL,324.41,3.0,23.0,0.57,324.1045,C17H16N4OS,5.0,1.0,0.0
285,1788507,CHEMBL3329520,363.27,5.35,5.0,1.0,50.17,4.0,N,1.0,9.54,2.91,5.4,5.39,NEUTRAL,363.27,3.0,23.0,0.5,362.016,C16H12Cl2N4S,4.0,1.0,1.0
286,1788508,CHEMBL3329521,363.27,5.35,5.0,1.0,50.17,4.0,N,1.0,9.57,2.91,5.4,5.4,NEUTRAL,363.27,3.0,23.0,0.5,362.016,C16H12Cl2N4S,4.0,1.0,1.0
287,1788509,CHEMBL3329522,339.38,3.95,7.0,1.0,93.31,5.0,N,0.0,9.56,2.91,4.13,4.13,NEUTRAL,339.38,3.0,24.0,0.43,339.079,C16H13N5O2S,7.0,1.0,0.0
288,1788510,CHEMBL3329523,339.38,3.95,7.0,1.0,93.31,5.0,N,0.0,9.56,2.91,4.13,4.13,NEUTRAL,339.38,3.0,24.0,0.43,339.079,C16H13N5O2S,7.0,1.0,0.0
289,1788511,CHEMBL3329524,344.44,5.19,5.0,1.0,50.17,4.0,N,1.0,9.57,2.95,5.18,5.18,NEUTRAL,344.44,4.0,25.0,0.41,344.1096,C20H16N4S,4.0,1.0,1.0
290,1796732,CHEMBL3347303,385.45,0.16,5.0,2.0,111.78,5.0,N,0.0,-4.5,2.54,-3.41,0.42,ACID,385.45,2.0,27.0,0.25,385.1209,C18H19N5O3S,8.0,3.0,0.0
291,1796733,CHEMBL3347304,383.43,2.02,6.0,2.0,98.62,7.0,N,0.0,11.31,2.36,2.69,2.69,NEUTRAL,383.43,3.0,27.0,0.21,383.1052,C18H17N5O3S,8.0,2.0,0.0
292,1796743,CHEMBL3347314,425.51,0.98,5.0,2.0,97.79,7.0,N,0.0,-4.5,2.64,-2.55,1.37,ACID,425.51,2.0,30.0,0.17,425.1522,C21H23N5O3S,8.0,2.0,0.0
293,1796744,CHEMBL3347315,419.47,3.36,6.0,2.0,98.62,6.0,N,0.0,11.41,2.23,4.11,4.11,NEUTRAL,419.47,4.0,30.0,0.21,419.1052,C21H17N5O3S,8.0,2.0,0.0
294,1796750,CHEMBL3347321,461.55,2.31,5.0,2.0,97.79,6.0,N,0.0,-4.5,2.49,-1.12,2.66,ACID,461.55,3.0,33.0,0.19,461.1522,C24H23N5O3S,8.0,2.0,0.0
295,1796760,CHEMBL3347331,369.38,0.0,5.0,2.0,128.85,5.0,N,0.0,-4.5,1.91,-3.56,-0.47,ACID,369.38,2.0,27.0,0.33,369.1437,C18H19N5O4,9.0,3.0,0.0
296,1796761,CHEMBL3347332,270.24,1.85,5.0,0.0,79.27,4.0,N,0.0,,,1.45,1.45,NEUTRAL,270.24,3.0,20.0,0.53,270.0641,C14H10N2O4,6.0,0.0,0.0
297,1796762,CHEMBL3347333,312.33,0.81,4.0,0.0,78.44,4.0,N,0.0,-4.14,,-0.88,0.44,ACID,312.33,2.0,23.0,0.48,312.111,C17H16N2O4,6.0,0.0,0.0
298,1796774,CHEMBL3347345,326.32,0.86,6.0,3.0,136.46,5.0,N,0.0,,8.43,1.68,0.62,NEUTRAL,326.32,3.0,24.0,0.28,326.1127,C15H14N6O3,9.0,4.0,0.0
299,1796775,CHEMBL3347346,343.37,1.21,6.0,2.0,112.61,5.0,N,0.0,11.71,2.1,1.7,1.7,NEUTRAL,343.37,3.0,24.0,0.31,343.0739,C15H13N5O3S,8.0,3.0,0.0
300,1796776,CHEMBL3347347,385.45,0.16,5.0,2.0,111.78,5.0,N,0.0,-4.52,2.38,-3.23,0.42,ACID,385.45,2.0,27.0,0.25,385.1209,C18H19N5O3S,8.0,3.0,0.0
301,1796788,CHEMBL3347359,383.43,2.02,6.0,2.0,98.62,7.0,N,0.0,11.31,2.23,2.69,2.69,NEUTRAL,383.43,3.0,27.0,0.21,383.1052,C18H17N5O3S,8.0,2.0,0.0
302,1796789,CHEMBL3347360,270.24,1.85,5.0,0.0,79.27,4.0,N,0.0,,,1.45,1.45,NEUTRAL,270.24,3.0,20.0,0.53,270.0641,C14H10N2O4,6.0,0.0,0.0
303,1796790,CHEMBL3347361,326.32,0.86,6.0,3.0,136.46,5.0,N,0.0,,8.4,1.68,0.65,NEUTRAL,326.32,3.0,24.0,0.28,326.1127,C15H14N6O3,9.0,4.0,0.0
304,1796795,CHEMBL3347366,368.4,-0.19,5.0,3.0,135.63,5.0,N,0.0,-4.61,8.42,-3.71,-1.33,ACID,368.4,2.0,27.0,0.22,368.1597,C18H20N6O3,9.0,4.0,0.0
305,1796796,CHEMBL3347367,343.37,1.21,6.0,2.0,112.61,5.0,N,0.0,11.7,1.56,1.7,1.7,NEUTRAL,343.37,3.0,24.0,0.31,343.0739,C15H13N5O3S,8.0,3.0,0.0
306,1796797,CHEMBL3347368,385.45,0.16,5.0,2.0,111.78,5.0,N,0.0,-4.63,2.01,-2.74,0.42,ACID,385.45,2.0,27.0,0.25,385.1209,C18H19N5O3S,8.0,3.0,0.0
307,1796800,CHEMBL3347276,425.51,0.98,5.0,2.0,97.79,7.0,N,0.0,-4.62,2.08,-1.89,1.37,ACID,425.51,2.0,30.0,0.17,425.1522,C21H23N5O3S,8.0,2.0,0.0
308,1796802,CHEMBL3347372,419.47,3.36,6.0,2.0,98.62,6.0,N,0.0,11.4,1.58,4.11,4.11,NEUTRAL,419.47,4.0,30.0,0.21,419.1052,C21H17N5O3S,8.0,2.0,0.0
309,1796803,CHEMBL3347373,461.55,2.31,5.0,2.0,97.79,6.0,N,0.0,-4.61,1.98,-0.47,2.66,ACID,461.55,3.0,33.0,0.19,461.1522,C24H23N5O3S,8.0,2.0,0.0
310,1796806,CHEMBL3347376,327.3,1.04,6.0,2.0,129.68,5.0,N,0.0,11.86,0.84,0.97,0.97,NEUTRAL,327.3,3.0,24.0,0.41,327.0968,C15H13N5O4,9.0,3.0,0.0
311,1796807,CHEMBL3347377,369.38,0.0,5.0,2.0,128.85,5.0,N,0.0,-4.63,1.6,-2.94,-0.47,ACID,369.38,2.0,27.0,0.33,369.1437,C18H19N5O4,9.0,3.0,0.0
312,1796808,CHEMBL3347378,284.27,2.24,5.0,0.0,79.27,4.0,N,0.0,,,1.08,1.08,NEUTRAL,284.27,3.0,21.0,0.54,284.0797,C15H12N2O4,6.0,0.0,0.0
313,1796809,CHEMBL3347379,326.35,1.2,4.0,0.0,78.44,4.0,N,0.0,-4.22,,-0.97,0.28,ACID,326.35,2.0,24.0,0.48,326.1267,C18H18N2O4,6.0,0.0,0.0
314,1796810,CHEMBL3347380,340.34,1.25,6.0,3.0,136.46,5.0,N,0.0,,8.47,1.31,0.22,NEUTRAL,340.34,3.0,25.0,0.28,340.1284,C16H16N6O3,9.0,4.0,0.0
315,1962276,CHEMBL3613563,364.27,3.07,3.0,2.0,59.64,5.0,N,0.0,11.62,0.98,3.8,3.8,NEUTRAL,364.27,2.0,21.0,0.49,363.0041,C15H14BrN3OS,4.0,3.0,0.0
316,1962277,CHEMBL3613564,378.3,3.37,3.0,2.0,59.64,5.0,N,0.0,11.62,1.13,4.31,4.31,NEUTRAL,378.3,2.0,22.0,0.48,377.0197,C16H16BrN3OS,4.0,3.0,0.0
317,1962278,CHEMBL3613565,394.29,3.07,4.0,2.0,68.87,6.0,N,0.0,11.62,0.95,3.64,3.64,NEUTRAL,394.29,2.0,23.0,0.45,393.0147,C16H16BrN3O2S,5.0,3.0,0.0
318,1962279,CHEMBL3613566,382.26,3.2,3.0,2.0,59.64,5.0,N,0.0,11.62,0.58,3.94,3.94,NEUTRAL,382.26,2.0,22.0,0.47,380.9947,C15H13BrFN3OS,4.0,3.0,0.0
319,1962280,CHEMBL3613567,398.71,3.72,3.0,2.0,59.64,5.0,N,0.0,11.62,0.54,4.4,4.4,NEUTRAL,398.71,2.0,22.0,0.46,396.9651,C15H13BrClN3OS,4.0,3.0,0.0
320,1962281,CHEMBL3613568,443.16,3.83,3.0,2.0,59.64,5.0,N,0.0,11.62,0.54,4.56,4.56,NEUTRAL,443.16,2.0,22.0,0.42,440.9146,C15H13Br2N3OS,4.0,3.0,0.0
321,1962282,CHEMBL3613569,440.37,4.73,3.0,2.0,59.64,6.0,N,0.0,11.62,1.23,5.44,5.44,NEUTRAL,440.37,3.0,27.0,0.33,439.0354,C21H18BrN3OS,4.0,3.0,0.0
322,1962283,CHEMBL3613570,414.33,4.22,3.0,2.0,59.64,5.0,N,0.0,11.62,1.02,4.79,4.79,NEUTRAL,414.33,3.0,25.0,0.37,413.0197,C19H16BrN3OS,4.0,3.0,0.0
323,1962284,CHEMBL3613571,408.32,3.33,4.0,2.0,54.88,6.0,N,0.0,11.39,1.01,3.86,3.86,NEUTRAL,408.32,2.0,24.0,0.44,407.0303,C17H18BrN3O2S,5.0,2.0,0.0
324,1962285,CHEMBL3613572,470.39,5.23,4.0,2.0,54.88,7.0,N,1.0,11.29,1.01,5.88,5.88,NEUTRAL,470.39,3.0,29.0,0.28,469.046,C22H20BrN3O2S,5.0,2.0,1.0
325,1962286,CHEMBL3613573,396.29,3.47,3.0,2.0,45.65,5.0,N,0.0,11.39,0.65,4.16,4.16,NEUTRAL,396.29,2.0,23.0,0.46,395.0103,C16H15BrFN3OS,4.0,2.0,0.0
326,1962287,CHEMBL3613574,458.36,5.36,3.0,2.0,45.65,6.0,N,1.0,11.29,0.7,6.18,6.18,NEUTRAL,458.36,3.0,28.0,0.3,457.026,C21H17BrFN3OS,4.0,2.0,1.0
327,1962288,CHEMBL3613575,364.27,3.07,3.0,2.0,59.64,5.0,N,0.0,11.62,0.97,3.8,3.8,NEUTRAL,364.27,2.0,21.0,0.49,363.0041,C15H14BrN3OS,4.0,3.0,0.0
328,1962289,CHEMBL3613576,392.32,3.63,3.0,2.0,59.64,6.0,N,0.0,11.62,1.11,4.75,4.75,NEUTRAL,392.32,2.0,23.0,0.45,391.0354,C17H18BrN3OS,4.0,3.0,0.0
329,1962290,CHEMBL3613577,406.35,4.19,3.0,2.0,59.64,6.0,N,0.0,11.62,1.16,5.04,5.04,NEUTRAL,406.35,2.0,24.0,0.43,405.051,C18H20BrN3OS,4.0,3.0,0.0
330,1962291,CHEMBL3613578,420.38,4.36,3.0,2.0,59.64,5.0,N,0.0,11.62,1.21,5.34,5.34,NEUTRAL,420.38,2.0,25.0,0.43,419.0667,C19H22BrN3OS,4.0,3.0,0.0
331,1962292,CHEMBL3613579,394.29,3.07,4.0,2.0,68.87,6.0,N,0.0,11.62,0.85,3.64,3.64,NEUTRAL,394.29,2.0,23.0,0.45,393.0147,C16H16BrN3O2S,5.0,3.0,0.0
332,1962293,CHEMBL3613580,394.29,3.07,4.0,2.0,68.87,6.0,N,0.0,11.62,0.85,3.64,3.64,NEUTRAL,394.29,2.0,23.0,0.45,393.0147,C16H16BrN3O2S,5.0,3.0,0.0
333,1962294,CHEMBL3613581,421.32,3.02,4.0,3.0,88.74,6.0,N,0.0,11.62,0.77,3.03,3.03,NEUTRAL,421.32,2.0,25.0,0.38,420.0256,C17H17BrN4O2S,6.0,4.0,0.0
334,1962295,CHEMBL3613582,382.26,3.2,3.0,2.0,59.64,5.0,N,0.0,11.62,0.52,3.94,3.94,NEUTRAL,382.26,2.0,22.0,0.47,380.9947,C15H13BrFN3OS,4.0,3.0,0.0
335,1962296,CHEMBL3613583,416.7,3.86,3.0,2.0,59.64,5.0,N,0.0,11.62,0.16,4.54,4.54,NEUTRAL,416.7,2.0,23.0,0.44,414.9557,C15H12BrClFN3OS,4.0,3.0,0.0
336,1962297,CHEMBL3613584,398.71,3.72,3.0,2.0,59.64,5.0,N,0.0,11.62,0.54,4.4,4.4,NEUTRAL,398.71,2.0,22.0,0.46,396.9651,C15H13BrClN3OS,4.0,3.0,0.0
337,1962298,CHEMBL3613585,398.71,3.72,3.0,2.0,59.64,5.0,N,0.0,11.62,0.54,4.4,4.4,NEUTRAL,398.71,2.0,22.0,0.46,396.9651,C15H13BrClN3OS,4.0,3.0,0.0
338,1962299,CHEMBL3613586,398.71,3.72,3.0,2.0,59.64,5.0,N,0.0,11.62,0.54,4.4,4.4,NEUTRAL,398.71,2.0,22.0,0.46,396.9651,C15H13BrClN3OS,4.0,3.0,0.0
339,1962300,CHEMBL3612083,433.16,4.37,3.0,2.0,59.64,5.0,N,0.0,11.62,0.18,5.0,5.0,NEUTRAL,433.16,2.0,23.0,0.42,430.9262,C15H12BrCl2N3OS,4.0,3.0,0.0
340,1962301,CHEMBL3613587,433.16,4.37,3.0,2.0,59.64,5.0,N,0.0,11.62,0.18,5.0,5.0,NEUTRAL,433.16,2.0,23.0,0.42,430.9262,C15H12BrCl2N3OS,4.0,3.0,0.0
341,1962302,CHEMBL3613588,443.16,3.83,3.0,2.0,59.64,5.0,N,0.0,11.62,0.54,4.56,4.56,NEUTRAL,443.16,2.0,22.0,0.42,440.9146,C15H13Br2N3OS,4.0,3.0,0.0
342,1962303,CHEMBL3613589,490.16,3.67,3.0,2.0,59.64,5.0,N,0.0,11.62,0.55,4.73,4.73,NEUTRAL,490.16,2.0,22.0,0.29,488.9007,C15H13BrIN3OS,4.0,3.0,0.0
343,1962304,CHEMBL3613590,440.37,4.73,3.0,2.0,59.64,6.0,N,0.0,11.62,1.18,5.44,5.44,NEUTRAL,440.37,3.0,27.0,0.33,439.0354,C21H18BrN3OS,4.0,3.0,0.0
344,1962305,CHEMBL3613591,440.37,4.73,3.0,2.0,59.64,6.0,N,0.0,11.62,1.09,5.44,5.44,NEUTRAL,440.37,3.0,27.0,0.33,439.0354,C21H18BrN3OS,4.0,3.0,0.0
345,1962306,CHEMBL3613592,414.33,4.22,3.0,2.0,59.64,5.0,N,0.0,11.62,1.17,4.79,4.79,NEUTRAL,414.33,3.0,25.0,0.37,413.0197,C19H16BrN3OS,4.0,3.0,0.0
346,1962307,CHEMBL3613593,414.33,4.22,3.0,2.0,59.64,5.0,N,0.0,11.62,1.14,4.79,4.79,NEUTRAL,414.33,3.0,25.0,0.37,413.0197,C19H16BrN3OS,4.0,3.0,0.0
347,1967540,CHEMBL3623844,356.45,3.91,5.0,1.0,64.35,7.0,N,0.0,3.45,4.23,3.9,1.38,ACID,356.45,3.0,25.0,0.51,356.1195,C19H20N2O3S,5.0,1.0,0.0
348,1967542,CHEMBL3623846,349.34,3.71,2.0,3.0,69.56,5.0,N,0.0,-0.71,8.51,2.17,1.32,ZWITTERION,349.34,2.0,24.0,0.72,349.1243,C18H21FNO3P,4.0,3.0,0.0
349,1969380,CHEMBL3629417,338.26,4.7,2.0,2.0,36.42,3.0,N,0.0,11.36,1.18,4.96,4.96,NEUTRAL,338.26,2.0,21.0,0.48,337.0207,C15H13Cl2N3S,3.0,2.0,0.0
350,1969381,CHEMBL3629418,302.19,2.94,4.0,1.0,53.82,2.0,N,0.0,7.41,,2.53,2.23,NEUTRAL,302.19,1.0,18.0,0.67,300.9843,C11H9Cl2N3OS,4.0,1.0,0.0
351,1969382,CHEMBL3629419,316.21,3.32,4.0,1.0,53.82,2.0,N,0.0,7.69,,3.1,2.92,NEUTRAL,316.21,1.0,19.0,0.67,315.0,C12H11Cl2N3OS,4.0,1.0,0.0
352,1969383,CHEMBL3629420,330.24,3.72,4.0,1.0,53.82,3.0,N,0.0,7.83,,3.62,3.48,NEUTRAL,330.24,1.0,20.0,0.68,329.0156,C13H13Cl2N3OS,4.0,1.0,0.0
353,1969384,CHEMBL3629421,344.27,3.96,4.0,1.0,53.82,3.0,N,0.0,7.96,,3.99,3.88,NEUTRAL,344.27,1.0,21.0,0.67,343.0313,C14H15Cl2N3OS,4.0,1.0,0.0
354,1969385,CHEMBL3629422,378.28,4.68,4.0,1.0,53.82,3.0,N,0.0,7.7,,4.47,4.29,NEUTRAL,378.28,2.0,24.0,0.62,377.0156,C17H13Cl2N3OS,4.0,1.0,0.0
355,1969522,CHEMBL3629557,316.21,3.28,4.0,0.0,45.03,2.0,N,0.0,7.34,,2.75,2.42,NEUTRAL,316.21,1.0,19.0,0.62,315.0,C12H11Cl2N3OS,4.0,0.0,0.0
356,1969523,CHEMBL3629558,330.24,3.67,4.0,0.0,45.03,2.0,N,0.0,7.64,,3.32,3.12,NEUTRAL,330.24,1.0,20.0,0.61,329.0156,C13H13Cl2N3OS,4.0,0.0,0.0
357,1969524,CHEMBL3629559,344.27,4.06,4.0,0.0,45.03,3.0,N,0.0,7.78,,3.84,3.69,NEUTRAL,344.27,1.0,21.0,0.61,343.0313,C14H15Cl2N3OS,4.0,0.0,0.0
358,1969525,CHEMBL3629560,358.29,4.3,4.0,0.0,45.03,3.0,N,0.0,7.91,,4.21,4.09,NEUTRAL,358.29,1.0,22.0,0.6,357.0469,C15H17Cl2N3OS,4.0,0.0,0.0
359,1969526,CHEMBL3629561,392.31,5.02,4.0,0.0,45.03,3.0,N,1.0,7.64,,4.69,4.49,NEUTRAL,392.31,2.0,25.0,0.54,391.0313,C18H15Cl2N3OS,4.0,0.0,1.0
360,1969527,CHEMBL3629562,378.28,4.85,4.0,0.0,45.03,3.0,N,0.0,8.2,,4.41,4.35,NEUTRAL,378.28,2.0,24.0,0.57,377.0156,C17H13Cl2N3OS,4.0,0.0,0.0
361,1969528,CHEMBL3629563,392.31,5.24,4.0,0.0,45.03,3.0,N,1.0,8.72,,4.98,4.96,NEUTRAL,392.31,2.0,25.0,0.53,391.0313,C18H15Cl2N3OS,4.0,0.0,1.0
362,1969529,CHEMBL3629564,406.34,5.63,4.0,0.0,45.03,4.0,N,1.0,8.87,,5.5,5.49,NEUTRAL,406.34,2.0,26.0,0.49,405.0469,C19H17Cl2N3OS,4.0,0.0,1.0
363,1969530,CHEMBL3629565,420.37,5.88,4.0,0.0,45.03,4.0,N,1.0,8.99,,5.87,5.86,NEUTRAL,420.37,2.0,27.0,0.46,419.0626,C20H19Cl2N3OS,4.0,0.0,1.0
364,1969531,CHEMBL3629566,454.38,6.59,4.0,0.0,45.03,4.0,N,1.0,8.73,,6.35,6.33,NEUTRAL,454.38,3.0,30.0,0.33,453.0469,C23H17Cl2N3OS,4.0,0.0,1.0
365,2077810,CHEMBL3786939,300.21,4.59,4.0,1.0,37.28,3.0,N,0.0,11.5,4.04,4.33,4.33,NEUTRAL,300.21,2.0,18.0,0.66,299.0051,C12H11Cl2N3S,3.0,1.0,0.0
366,2077811,CHEMBL3785855,392.31,5.96,5.0,1.0,46.51,5.0,N,1.0,11.3,4.21,6.07,6.07,NEUTRAL,392.31,3.0,25.0,0.43,391.0313,C18H15Cl2N3OS,4.0,1.0,1.0
367,2077812,CHEMBL3787039,376.31,6.26,4.0,1.0,37.28,4.0,N,1.0,11.98,4.54,6.88,6.87,NEUTRAL,376.31,3.0,24.0,0.43,375.0364,C18H15Cl2N3S,3.0,1.0,1.0
368,2077813,CHEMBL3786279,380.27,6.09,4.0,1.0,37.28,4.0,N,1.0,11.3,4.03,6.37,6.37,NEUTRAL,380.27,3.0,24.0,0.44,379.0113,C17H12Cl2FN3S,3.0,1.0,1.0
369,2077814,CHEMBL3787599,243.33,1.74,3.0,2.0,50.41,4.0,N,0.0,11.76,1.74,1.73,1.73,NEUTRAL,243.33,1.0,15.0,0.37,243.03,C9H10FN3S2,3.0,3.0,0.0
370,2077815,CHEMBL3785717,304.24,2.36,3.0,2.0,50.41,4.0,N,0.0,11.76,1.72,2.36,2.36,NEUTRAL,304.24,1.0,15.0,0.39,302.95,C9H10BrN3S2,3.0,3.0,0.0
371,2077816,CHEMBL3785309,255.37,1.61,4.0,2.0,59.64,5.0,N,0.0,11.76,2.24,1.43,1.43,NEUTRAL,255.37,1.0,16.0,0.36,255.05,C10H13N3OS2,4.0,3.0,0.0
372,2077817,CHEMBL3785588,239.37,1.91,3.0,2.0,50.41,4.0,N,0.0,11.76,2.64,2.1,2.1,NEUTRAL,239.37,1.0,15.0,0.36,239.0551,C10H13N3S2,3.0,3.0,0.0
373,2077818,CHEMBL3786510,239.37,1.91,3.0,2.0,50.41,4.0,N,0.0,11.76,2.63,2.1,2.1,NEUTRAL,239.37,1.0,15.0,0.36,239.0551,C10H13N3S2,3.0,3.0,0.0
374,2077819,CHEMBL3787696,239.37,1.91,3.0,2.0,50.41,4.0,N,0.0,11.76,2.63,2.1,2.1,NEUTRAL,239.37,1.0,15.0,0.36,239.0551,C10H13N3S2,3.0,3.0,0.0
375,2077820,CHEMBL3785388,253.4,2.21,3.0,2.0,50.41,4.0,N,0.0,11.76,2.71,2.62,2.62,NEUTRAL,253.4,1.0,16.0,0.37,253.0707,C11H15N3S2,3.0,3.0,0.0
376,2077821,CHEMBL3785286,259.79,2.25,3.0,2.0,50.41,4.0,N,0.0,11.76,1.75,2.19,2.19,NEUTRAL,259.79,1.0,15.0,0.38,259.0005,C9H10ClN3S2,3.0,3.0,0.0
377,2077822,CHEMBL3787052,259.79,2.25,3.0,2.0,50.41,4.0,N,0.0,11.76,1.75,2.19,2.19,NEUTRAL,259.79,1.0,15.0,0.38,259.0005,C9H10ClN3S2,3.0,3.0,0.0
378,2077823,CHEMBL3785305,259.79,2.25,3.0,2.0,50.41,4.0,N,0.0,11.76,1.75,2.19,2.19,NEUTRAL,259.79,1.0,15.0,0.38,259.0005,C9H10ClN3S2,3.0,3.0,0.0
379,2077824,CHEMBL3786871,294.23,2.9,3.0,2.0,50.41,4.0,N,0.0,11.76,1.16,2.8,2.8,NEUTRAL,294.23,1.0,16.0,0.39,292.9615,C9H9Cl2N3S2,3.0,3.0,0.0
380,2095335,CHEMBL3827142,360.5,4.61,4.0,2.0,50.36,4.0,N,0.0,12.54,,6.55,6.55,NEUTRAL,360.5,2.0,24.0,0.62,360.0966,C18H20N2O2S2,4.0,2.0,0.0
381,2095336,CHEMBL3828132,374.53,5.0,4.0,2.0,50.36,4.0,N,1.0,12.54,,6.97,6.97,NEUTRAL,374.53,2.0,25.0,0.58,374.1123,C19H22N2O2S2,4.0,2.0,1.0
382,2095337,CHEMBL3827957,324.47,3.28,4.0,2.0,50.36,5.0,N,0.0,13.07,,5.26,5.26,NEUTRAL,324.47,1.0,21.0,0.49,324.0966,C15H20N2O2S2,4.0,2.0,0.0
383,2095338,CHEMBL3827295,338.5,3.66,4.0,2.0,50.36,5.0,N,0.0,13.07,,5.68,5.68,NEUTRAL,338.5,1.0,22.0,0.49,338.1123,C16H22N2O2S2,4.0,2.0,0.0
384,2095339,CHEMBL3827672,400.53,4.57,6.0,0.0,58.97,4.0,N,0.0,8.36,0.74,5.56,5.51,NEUTRAL,400.53,2.0,27.0,0.71,400.0915,C20H20N2O3S2,5.0,0.0,0.0
385,2095340,CHEMBL3827307,414.55,4.96,6.0,0.0,58.97,4.0,N,0.0,8.36,0.72,5.97,5.93,NEUTRAL,414.55,2.0,28.0,0.66,414.1072,C21H22N2O3S2,5.0,0.0,0.0
386,2095341,CHEMBL3827404,364.49,3.55,6.0,0.0,58.97,5.0,N,0.0,7.47,0.78,4.63,4.37,NEUTRAL,364.49,1.0,24.0,0.59,364.0915,C17H20N2O3S2,5.0,0.0,0.0
387,2095342,CHEMBL3828348,378.52,3.94,6.0,0.0,58.97,5.0,N,0.0,7.47,0.76,5.05,4.78,NEUTRAL,378.52,1.0,25.0,0.58,378.1072,C18H22N2O3S2,5.0,0.0,0.0
388,2095343,CHEMBL3827174,434.58,4.57,8.0,0.0,69.89,7.0,N,0.0,,1.27,6.07,6.07,NEUTRAL,434.58,2.0,29.0,0.47,434.1334,C21H26N2O4S2,6.0,0.0,0.0
389,2095344,CHEMBL3827943,448.61,4.96,8.0,0.0,69.89,7.0,N,0.0,,1.25,6.48,6.48,NEUTRAL,448.61,2.0,30.0,0.44,448.149,C22H28N2O4S2,6.0,0.0,0.0
390,2095345,CHEMBL3827522,472.59,4.5,8.0,0.0,85.27,6.0,N,0.0,2.67,0.82,5.94,3.15,ACID,472.59,2.0,32.0,0.45,472.1127,C23H24N2O5S2,7.0,0.0,0.0
391,2095346,CHEMBL3828686,436.56,3.48,8.0,0.0,85.27,7.0,N,0.0,2.83,0.84,5.04,2.23,ACID,436.56,1.0,29.0,0.37,436.1127,C20H24N2O5S2,7.0,0.0,0.0
392,2095347,CHEMBL3827864,458.56,4.41,7.0,1.0,96.27,6.0,N,0.0,3.8,0.93,5.48,2.21,ACID,458.56,2.0,31.0,0.64,458.097,C22H22N2O5S2,7.0,1.0,0.0
393,2095420,CHEMBL3826981,472.59,4.8,7.0,1.0,96.27,6.0,N,0.0,3.8,0.91,5.9,2.62,ACID,472.59,2.0,32.0,0.61,472.1127,C23H24N2O5S2,7.0,1.0,0.0
394,2095421,CHEMBL3828195,422.53,3.4,7.0,1.0,96.27,7.0,N,0.0,3.82,0.97,4.56,1.16,ACID,422.53,1.0,28.0,0.53,422.097,C19H22N2O5S2,7.0,1.0,0.0
395,2095422,CHEMBL3827125,436.56,3.78,7.0,1.0,96.27,7.0,N,0.0,3.82,0.94,4.97,1.58,ACID,436.56,1.0,29.0,0.52,436.1127,C20H24N2O5S2,7.0,1.0,0.0
396,2095423,CHEMBL3828647,460.62,6.56,6.0,0.0,43.59,5.0,N,1.0,,1.19,7.66,7.66,NEUTRAL,460.62,4.0,32.0,0.32,460.1279,C26H24N2O2S2,4.0,0.0,1.0
397,2095424,CHEMBL3828113,474.65,6.94,6.0,0.0,43.59,5.0,N,1.0,,1.17,8.07,8.07,NEUTRAL,474.65,4.0,33.0,0.29,474.1436,C27H26N2O2S2,4.0,0.0,1.0
398,2095425,CHEMBL3828526,424.59,5.75,6.0,0.0,43.59,6.0,N,1.0,,2.38,6.72,6.72,NEUTRAL,424.59,3.0,29.0,0.37,424.1279,C23H24N2O2S2,4.0,0.0,1.0
399,2095426,CHEMBL3827939,438.62,6.14,6.0,0.0,43.59,6.0,N,1.0,,2.36,7.14,7.14,NEUTRAL,438.62,3.0,30.0,0.34,438.1436,C24H26N2O2S2,4.0,0.0,1.0
400,2203362,CHEMBL4063451,223.32,0.83,3.0,2.0,40.29,6.0,N,0.0,,9.12,0.39,-1.34,BASE,223.32,1.0,16.0,0.7,223.1685,C12H21N3O,4.0,2.0,0.0
401,2203687,CHEMBL4063776,247.34,1.18,3.0,1.0,35.58,3.0,Y,0.0,13.8,7.22,1.46,1.24,NEUTRAL,247.34,1.0,18.0,0.87,247.1685,C14H21N3O,4.0,1.0,0.0
402,2205505,CHEMBL4065594,308.41,3.47,5.0,0.0,42.54,3.0,N,0.0,,3.11,2.8,2.8,NEUTRAL,308.41,3.0,22.0,0.54,308.1096,C17H16N4S,4.0,0.0,0.0
403,2206124,CHEMBL4066213,166.22,0.85,2.0,1.0,28.26,2.0,Y,0.0,,6.49,0.7,0.65,NEUTRAL,166.22,1.0,12.0,0.71,166.1106,C9H14N2O,3.0,1.0,0.0
404,2207178,CHEMBL4067267,388.47,5.06,5.0,0.0,42.54,4.0,N,1.0,,1.7,4.61,4.61,NEUTRAL,388.47,4.0,28.0,0.36,388.1158,C22H17FN4S,4.0,0.0,1.0
405,2207595,CHEMBL4067684,270.76,4.11,1.0,2.0,27.82,4.0,N,0.0,,8.51,3.88,2.74,BASE,307.22,3.0,19.0,0.73,270.0924,C16H16Cl2N2,2.0,2.0,0.0
406,2208519,CHEMBL4068608,179.27,0.76,2.0,1.0,22.27,2.0,Y,0.0,,7.81,0.76,0.21,NEUTRAL,179.27,1.0,13.0,0.72,179.1422,C10H17N3,3.0,1.0,0.0
407,2209558,CHEMBL4069647,267.76,1.53,3.0,1.0,35.58,3.0,Y,0.0,13.45,7.21,1.55,1.34,NEUTRAL,267.76,1.0,18.0,0.9,267.1138,C13H18ClN3O,4.0,1.0,0.0
408,2212274,CHEMBL4072363,300.79,3.34,2.0,1.0,32.34,3.0,N,0.0,13.45,6.72,3.47,3.39,NEUTRAL,300.79,2.0,21.0,0.94,300.1029,C17H17ClN2O,3.0,1.0,0.0
409,2212434,CHEMBL4072523,222.29,0.61,5.0,1.0,50.28,5.0,N,0.0,,7.02,-0.02,-0.17,NEUTRAL,222.29,1.0,16.0,0.74,222.1481,C11H18N4O,5.0,1.0,0.0
410,2214780,CHEMBL4074869,322.44,3.78,5.0,0.0,42.54,3.0,N,0.0,,3.16,3.08,3.08,NEUTRAL,322.44,3.0,23.0,0.53,322.1252,C18H18N4S,4.0,0.0,0.0
411,2215404,CHEMBL4075493,400.51,4.93,6.0,0.0,51.77,5.0,N,0.0,,1.7,4.31,4.31,NEUTRAL,400.51,4.0,29.0,0.35,400.1358,C23H20N4OS,5.0,0.0,0.0
412,2217250,CHEMBL4077339,311.81,1.59,4.0,2.0,53.6,7.0,N,0.0,13.46,8.4,1.18,0.14,NEUTRAL,311.81,1.0,21.0,0.75,311.1401,C15H22ClN3O2,5.0,2.0,0.0
413,2217602,CHEMBL4077691,277.37,0.94,4.0,2.0,53.6,7.0,N,0.0,13.51,8.41,0.58,-0.47,NEUTRAL,277.37,1.0,20.0,0.73,277.179,C15H23N3O2,5.0,2.0,0.0
414,2218491,CHEMBL4078580,273.38,1.98,3.0,2.0,40.29,6.0,N,0.0,,9.26,1.41,-0.45,BASE,309.84,2.0,20.0,0.79,273.1841,C16H24ClN3O,4.0,2.0,0.0
415,2220927,CHEMBL4081016,307.83,2.63,3.0,2.0,40.29,6.0,N,0.0,,9.25,2.01,0.16,BASE,344.29,2.0,21.0,0.81,307.1451,C16H23Cl2N3O,4.0,2.0,0.0
416,2222766,CHEMBL4082855,305.76,2.16,4.0,1.0,54.46,3.0,N,0.0,,7.23,1.11,0.89,NEUTRAL,305.76,2.0,21.0,0.94,305.0931,C15H16ClN3O2,5.0,1.0,0.0
417,2226346,CHEMBL4086435,228.34,3.59,1.0,2.0,27.82,3.0,N,0.0,,9.8,3.35,1.01,BASE,264.8,2.0,17.0,0.83,228.1626,C15H21ClN2,2.0,2.0,0.0
418,2228819,CHEMBL4088908,262.78,4.24,1.0,2.0,27.82,3.0,N,0.0,,9.8,3.95,1.61,BASE,299.25,2.0,18.0,0.85,262.1237,C15H20Cl2N2,2.0,2.0,0.0
419,2230573,CHEMBL4090662,233.31,0.87,3.0,1.0,35.58,3.0,Y,0.0,13.5,7.21,0.95,0.73,NEUTRAL,233.31,1.0,17.0,0.84,233.1528,C13H19N3O,4.0,1.0,0.0
420,2231485,CHEMBL4091574,266.34,2.68,2.0,1.0,32.34,3.0,Y,0.0,13.5,6.83,2.87,2.76,NEUTRAL,266.34,2.0,20.0,0.93,266.1419,C17H18N2O,3.0,1.0,0.0
421,2233172,CHEMBL4093261,211.27,2.04,3.0,0.0,29.02,1.0,Y,0.0,,5.23,2.52,2.51,NEUTRAL,211.27,2.0,16.0,0.72,211.1109,C13H13N3,3.0,0.0,0.0
422,2233705,CHEMBL4093794,291.39,1.25,4.0,2.0,53.6,7.0,N,0.0,13.81,8.42,1.09,0.03,NEUTRAL,291.39,1.0,21.0,0.74,291.1947,C16H25N3O2,5.0,2.0,0.0
423,2235105,CHEMBL4095194,212.3,2.57,1.0,1.0,19.03,2.0,Y,0.0,,7.82,2.68,2.12,NEUTRAL,212.3,2.0,16.0,0.81,212.1313,C14H16N2,2.0,1.0,0.0
424,2236509,CHEMBL4096598,236.32,3.46,1.0,2.0,27.82,4.0,N,0.0,,8.51,3.27,2.13,BASE,272.78,3.0,18.0,0.71,236.1313,C16H17ClN2,2.0,2.0,0.0
425,2245177,CHEMBL4105266,178.24,0.23,4.0,0.0,32.26,1.0,N,0.0,,7.35,0.6,0.32,NEUTRAL,178.24,1.0,13.0,0.62,178.1218,C9H14N4,4.0,0.0,0.0
426,2262451,CHEMBL4159420,431.18,7.26,4.0,1.0,37.28,4.0,N,1.0,11.29,3.76,7.44,7.44,NEUTRAL,431.18,3.0,25.0,0.35,428.9428,C17H11Cl4N3S,3.0,1.0,1.0
427,2263385,CHEMBL4160354,407.28,5.86,6.0,1.0,80.42,5.0,N,1.0,11.29,4.04,6.17,6.17,NEUTRAL,407.28,3.0,26.0,0.33,406.0058,C17H12Cl2N4O2S,6.0,1.0,1.0
428,2264442,CHEMBL4161411,441.18,6.72,4.0,1.0,37.28,4.0,N,1.0,11.3,4.06,7.0,7.0,NEUTRAL,441.18,3.0,24.0,0.36,438.9312,C17H12BrCl2N3S,3.0,1.0,1.0
429,2265959,CHEMBL4162928,277.31,0.48,4.0,2.0,104.44,1.0,N,0.0,9.81,,0.02,0.02,NEUTRAL,277.31,2.0,19.0,0.79,277.0633,C11H11N5O2S,7.0,3.0,0.0
430,2267857,CHEMBL4164826,412.35,7.11,4.0,1.0,37.28,4.0,N,1.0,11.3,4.61,7.22,7.21,NEUTRAL,412.35,4.0,27.0,0.29,411.0364,C21H15Cl2N3S,3.0,1.0,1.0
431,2268182,CHEMBL4165151,314.24,4.9,4.0,1.0,37.28,3.0,N,0.0,12.14,4.24,4.97,4.97,NEUTRAL,314.24,2.0,19.0,0.65,313.0207,C13H13Cl2N3S,3.0,1.0,0.0
432,2269262,CHEMBL4166231,376.31,6.26,4.0,1.0,37.28,4.0,N,1.0,11.3,4.5,6.74,6.74,NEUTRAL,376.31,3.0,24.0,0.43,375.0364,C18H15Cl2N3S,3.0,1.0,1.0
433,2269351,CHEMBL4166320,438.38,6.84,4.0,0.0,29.65,4.0,N,1.0,,0.74,6.51,6.51,NEUTRAL,438.38,4.0,29.0,0.25,437.052,C23H17Cl2N3S,3.0,0.0,1.0
434,2271690,CHEMBL4168659,455.21,7.02,4.0,1.0,37.28,4.0,N,1.0,11.98,4.19,7.64,7.64,NEUTRAL,455.21,3.0,25.0,0.34,452.9469,C18H14BrCl2N3S,3.0,1.0,1.0
435,2272678,CHEMBL4169647,396.73,6.61,4.0,1.0,37.28,4.0,N,1.0,11.3,4.05,6.83,6.83,NEUTRAL,396.73,3.0,24.0,0.4,394.9818,C17H12Cl3N3S,3.0,1.0,1.0
436,2273073,CHEMBL4170042,431.18,7.26,4.0,1.0,37.28,4.0,N,1.0,11.27,3.77,7.44,7.44,NEUTRAL,431.18,3.0,25.0,0.35,428.9428,C17H11Cl4N3S,3.0,1.0,1.0
437,2273248,CHEMBL4170217,334.66,5.02,4.0,1.0,37.28,4.0,N,1.0,11.27,3.67,4.87,4.86,NEUTRAL,334.66,2.0,19.0,0.48,332.9661,C12H10Cl3N3S,3.0,1.0,1.0
438,2275042,CHEMBL4172011,465.62,7.91,4.0,1.0,37.28,4.0,N,1.0,11.26,3.52,8.04,8.04,NEUTRAL,465.62,3.0,26.0,0.24,462.9038,C17H10Cl5N3S,3.0,1.0,1.0
439,2276083,CHEMBL4173052,362.29,5.95,4.0,1.0,37.28,4.0,N,1.0,11.3,4.41,6.23,6.23,NEUTRAL,362.29,3.0,23.0,0.46,361.0207,C17H13Cl2N3S,3.0,1.0,1.0
440,2278489,CHEMBL4175458,438.38,7.62,4.0,1.0,37.28,5.0,N,1.0,11.3,4.52,7.88,7.87,NEUTRAL,438.38,4.0,29.0,0.26,437.052,C23H17Cl2N3S,3.0,1.0,1.0
441,2279197,CHEMBL4176166,291.34,0.57,4.0,3.0,113.23,3.0,N,0.0,-1.93,4.01,-1.82,-0.77,ACID,291.34,2.0,20.0,0.77,291.079,C12H13N5O2S,7.0,4.0,0.0
442,2279461,CHEMBL4176430,363.27,5.35,5.0,1.0,50.17,4.0,N,1.0,11.15,4.16,5.4,5.4,NEUTRAL,363.27,3.0,23.0,0.5,362.016,C16H12Cl2N4S,4.0,1.0,1.0
443,2279548,CHEMBL4176517,407.28,5.86,6.0,1.0,80.42,5.0,N,1.0,11.28,4.03,6.17,6.17,NEUTRAL,407.28,3.0,26.0,0.33,406.0058,C17H12Cl2N4O2S,6.0,1.0,1.0
444,2279876,CHEMBL4176845,363.27,5.35,5.0,1.0,50.17,4.0,N,1.0,11.29,4.36,5.01,5.01,NEUTRAL,363.27,3.0,23.0,0.5,362.016,C16H12Cl2N4S,4.0,1.0,1.0
445,2279968,CHEMBL4176937,376.31,5.39,4.0,0.0,29.65,3.0,N,1.0,,3.14,4.84,4.84,NEUTRAL,376.31,3.0,24.0,0.43,375.0364,C18H15Cl2N3S,3.0,0.0,1.0
446,2281872,CHEMBL4203721,463.58,3.6,4.0,2.0,87.74,11.0,N,0.0,13.26,,3.56,3.56,NEUTRAL,463.58,2.0,34.0,0.5,463.2471,C27H33N3O4,7.0,2.0,0.0
447,2282674,CHEMBL4204523,410.47,2.76,5.0,2.0,93.73,10.0,N,0.0,13.38,,3.55,3.55,NEUTRAL,410.47,2.0,30.0,0.46,410.1842,C23H26N2O5,7.0,2.0,0.0
448,2286751,CHEMBL4208600,421.5,2.48,4.0,3.0,96.53,9.0,N,0.0,13.28,,2.62,2.62,NEUTRAL,421.5,2.0,31.0,0.54,421.2002,C24H27N3O4,7.0,3.0,0.0
449,2287012,CHEMBL4208861,365.39,3.15,5.0,2.0,93.46,7.0,N,0.0,9.27,,3.04,3.03,NEUTRAL,365.39,3.0,27.0,0.67,365.1376,C20H19N3O4,7.0,2.0,0.0
450,2287552,CHEMBL4209401,379.42,3.46,5.0,2.0,93.46,7.0,N,0.0,7.63,,3.43,3.24,NEUTRAL,379.42,3.0,28.0,0.66,379.1532,C21H21N3O4,7.0,2.0,0.0
451,2290605,CHEMBL4212454,396.5,1.84,6.0,1.0,94.26,6.0,N,0.0,,1.83,2.3,2.3,NEUTRAL,396.5,2.0,29.0,0.46,396.2274,C21H28N6O2,8.0,1.0,0.0
452,2291140,CHEMBL4212989,298.39,1.71,5.0,1.0,85.67,5.0,N,0.0,13.51,,1.43,1.43,NEUTRAL,298.39,0.0,21.0,0.47,298.2005,C14H26N4O3,7.0,1.0,0.0
453,2291398,CHEMBL4213247,366.42,2.37,4.0,2.0,84.5,8.0,N,0.0,12.43,,2.67,2.67,NEUTRAL,366.42,2.0,27.0,0.7,366.158,C21H22N2O4,6.0,2.0,0.0
454,2291517,CHEMBL4213366,436.51,3.29,5.0,2.0,93.73,10.0,N,0.0,13.17,,3.94,3.94,NEUTRAL,436.51,2.0,32.0,0.44,436.1998,C25H28N2O5,7.0,2.0,0.0
455,2291937,CHEMBL4213786,355.39,2.1,5.0,3.0,100.02,8.0,N,0.0,9.02,2.16,1.99,1.98,NEUTRAL,355.39,2.0,26.0,0.38,355.1532,C19H21N3O4,7.0,3.0,0.0
456,2294087,CHEMBL4215936,410.47,2.76,5.0,2.0,93.73,10.0,N,0.0,13.38,,3.55,3.55,NEUTRAL,410.47,2.0,30.0,0.46,410.1842,C23H26N2O5,7.0,2.0,0.0
457,2295565,CHEMBL4217414,362.48,1.65,6.0,1.0,94.26,6.0,N,0.0,,1.83,1.89,1.89,NEUTRAL,362.48,1.0,26.0,0.47,362.243,C18H30N6O2,8.0,1.0,0.0
458,2295809,CHEMBL4217658,363.42,2.7,4.0,2.0,91.22,7.0,N,0.0,11.67,,2.89,2.89,NEUTRAL,363.42,2.0,27.0,0.79,363.1583,C21H21N3O3,6.0,2.0,0.0
459,2296336,CHEMBL4218185,340.38,1.84,4.0,2.0,84.5,8.0,N,0.0,12.94,,1.98,1.98,NEUTRAL,340.38,2.0,25.0,0.72,340.1423,C19H20N2O4,6.0,2.0,0.0
460,2302561,CHEMBL4237990,439.55,1.66,6.0,2.0,114.04,11.0,N,0.0,12.79,,2.36,2.36,NEUTRAL,439.55,0.0,31.0,0.37,439.2682,C22H37N3O6,9.0,2.0,0.0
461,2303012,CHEMBL4238441,494.59,3.74,6.0,2.0,110.8,13.0,N,0.0,12.61,,5.21,5.21,NEUTRAL,494.59,2.0,36.0,0.32,494.2417,C28H34N2O6,8.0,2.0,0.0
462,2303493,CHEMBL4238922,516.59,3.64,5.0,4.0,124.96,13.0,N,1.0,4.26,,4.7,1.71,ACID,516.59,3.0,38.0,0.26,516.226,C30H32N2O6,8.0,4.0,1.0
463,2303918,CHEMBL4239347,529.63,4.19,6.0,2.0,101.93,14.0,N,1.0,12.44,,5.71,5.71,NEUTRAL,529.63,3.0,39.0,0.24,529.2464,C32H35NO6,7.0,2.0,1.0
464,2305491,CHEMBL4240920,452.51,2.72,6.0,2.0,110.8,11.0,N,0.0,12.56,,3.95,3.95,NEUTRAL,452.51,2.0,33.0,0.4,452.1947,C25H28N2O6,8.0,2.0,0.0
465,2306709,CHEMBL4242138,521.61,2.45,6.0,2.0,114.04,12.0,N,1.0,12.7,,3.6,3.6,NEUTRAL,521.61,2.0,38.0,0.33,521.2526,C29H35N3O6,9.0,2.0,1.0
466,2307221,CHEMBL4242650,544.65,4.12,6.0,3.0,113.96,14.0,N,1.0,13.22,,5.44,5.44,NEUTRAL,544.65,3.0,40.0,0.21,544.2573,C32H36N2O6,8.0,3.0,1.0
467,2307692,CHEMBL4243121,510.63,3.93,6.0,3.0,113.96,14.0,N,1.0,13.28,,5.04,5.04,NEUTRAL,510.63,2.0,37.0,0.26,510.273,C29H38N2O6,8.0,3.0,1.0
468,2308656,CHEMBL4244085,547.65,3.0,6.0,2.0,114.04,13.0,N,1.0,12.65,,4.13,4.13,NEUTRAL,547.65,2.0,40.0,0.23,547.2682,C31H37N3O6,9.0,2.0,1.0
469,2309227,CHEMBL4244656,494.59,3.74,6.0,2.0,110.8,13.0,N,0.0,12.61,,5.21,5.21,NEUTRAL,494.59,2.0,36.0,0.32,494.2417,C28H34N2O6,8.0,2.0,0.0
470,2309698,CHEMBL4245127,508.62,4.13,6.0,2.0,110.8,14.0,N,1.0,12.64,,5.65,5.65,NEUTRAL,508.62,2.0,37.0,0.29,508.2573,C29H36N2O6,8.0,2.0,1.0
471,2310202,CHEMBL4245631,419.52,2.42,6.0,2.0,101.93,12.0,N,0.0,12.54,,3.58,3.58,NEUTRAL,419.52,1.0,30.0,0.4,419.2308,C23H33NO6,7.0,2.0,0.0
472,2311480,CHEMBL4246909,454.52,2.51,6.0,3.0,113.96,11.0,N,0.0,13.2,,3.34,3.34,NEUTRAL,454.52,2.0,33.0,0.36,454.2104,C25H30N2O6,8.0,3.0,0.0
473,2311646,CHEMBL4247075,544.65,4.12,6.0,3.0,113.96,14.0,N,1.0,13.22,,5.44,5.44,NEUTRAL,544.65,3.0,40.0,0.21,544.2573,C32H36N2O6,8.0,3.0,1.0
474,2312278,CHEMBL4247707,521.61,2.45,6.0,2.0,114.04,12.0,N,1.0,12.7,,3.6,3.6,NEUTRAL,521.61,2.0,38.0,0.33,521.2526,C29H35N3O6,9.0,2.0,1.0
475,2312534,CHEMBL4247963,605.74,4.88,5.0,4.0,116.76,15.0,N,1.0,13.26,,5.84,5.84,NEUTRAL,605.74,4.0,45.0,0.14,605.289,C37H39N3O5,8.0,4.0,1.0
476,2313486,CHEMBL4248915,418.49,2.52,6.0,2.0,110.8,11.0,N,0.0,12.61,,3.55,3.55,NEUTRAL,418.49,1.0,30.0,0.42,418.2104,C22H30N2O6,8.0,2.0,0.0
477,2314009,CHEMBL4249438,495.62,3.99,6.0,2.0,101.93,14.0,N,0.0,12.54,,5.3,5.3,NEUTRAL,495.62,2.0,36.0,0.3,495.2621,C29H37NO6,7.0,2.0,0.0
478,2314469,CHEMBL4249898,453.54,2.62,6.0,2.0,101.93,12.0,N,0.0,12.42,,3.98,3.98,NEUTRAL,453.54,2.0,33.0,0.38,453.2151,C26H31NO6,7.0,2.0,0.0
479,2314835,CHEMBL4250264,523.63,2.24,6.0,3.0,117.2,12.0,N,1.0,13.63,,2.99,2.99,NEUTRAL,523.63,2.0,38.0,0.29,523.2682,C29H37N3O6,9.0,3.0,1.0
480,2316051,CHEMBL4251480,542.63,4.33,6.0,2.0,110.8,14.0,N,1.0,12.59,,6.05,6.05,NEUTRAL,542.63,3.0,40.0,0.23,542.2417,C32H34N2O6,8.0,2.0,1.0
481,2316324,CHEMBL4276873,633.83,4.74,8.0,1.0,131.32,11.0,N,1.0,13.19,,5.27,5.27,NEUTRAL,633.83,0.0,45.0,0.2,633.3989,C34H55N3O8,11.0,1.0,2.0
482,2318705,CHEMBL4279254,621.73,3.98,8.0,1.0,131.32,11.0,N,1.0,13.19,,4.49,4.49,NEUTRAL,621.73,2.0,45.0,0.23,621.305,C34H43N3O8,11.0,1.0,2.0
483,2319275,CHEMBL4279824,545.63,2.37,7.0,2.0,142.32,10.0,N,1.0,3.56,,2.91,-0.45,ACID,545.63,1.0,39.0,0.34,545.2737,C28H39N3O8,11.0,2.0,2.0
484,2319758,CHEMBL4280307,677.84,4.85,8.0,1.0,131.32,15.0,N,1.0,13.19,,5.96,5.96,NEUTRAL,677.84,2.0,49.0,0.12,677.3676,C38H51N3O8,11.0,1.0,2.0
485,2320147,CHEMBL4280696,671.79,5.14,8.0,1.0,131.32,11.0,N,2.0,13.19,,5.48,5.48,NEUTRAL,671.79,3.0,49.0,0.17,671.3207,C38H45N3O8,11.0,1.0,3.0
486,2321313,CHEMBL4281865,497.59,1.92,7.0,2.0,142.32,7.0,N,0.0,3.65,,1.95,-1.37,ACID,497.59,0.0,35.0,0.4,497.2737,C24H39N3O8,11.0,2.0,1.0
487,2323014,CHEMBL4283566,627.78,4.36,8.0,1.0,131.32,11.0,N,1.0,13.19,,4.88,4.88,NEUTRAL,627.78,1.0,45.0,0.22,627.352,C34H49N3O8,11.0,1.0,2.0
488,2323591,CHEMBL4284143,649.79,4.42,8.0,1.0,131.32,13.0,N,1.0,13.19,,5.23,5.23,NEUTRAL,649.79,2.0,47.0,0.15,649.3363,C36H47N3O8,11.0,1.0,2.0
489,2325651,CHEMBL4286203,649.79,4.07,8.0,1.0,131.32,13.0,N,1.0,13.19,,5.07,5.07,NEUTRAL,649.79,2.0,47.0,0.2,649.3363,C36H47N3O8,11.0,1.0,2.0
490,2328054,CHEMBL4288606,621.73,3.98,8.0,1.0,131.32,11.0,N,1.0,13.19,,4.49,4.49,NEUTRAL,621.73,2.0,45.0,0.23,621.305,C34H43N3O8,11.0,1.0,2.0
491,2329927,CHEMBL4290479,559.66,2.76,7.0,2.0,142.32,11.0,N,1.0,3.54,,3.36,-0.01,ACID,559.66,1.0,40.0,0.24,559.2894,C29H41N3O8,11.0,2.0,2.0
492,2330393,CHEMBL4290945,469.54,1.14,7.0,2.0,142.32,8.0,N,0.0,3.54,,1.26,-2.11,ACID,469.54,0.0,33.0,0.4,469.2424,C22H35N3O8,11.0,2.0,1.0
493,2331286,CHEMBL4291838,559.66,2.8,8.0,1.0,131.32,10.0,N,1.0,13.19,,3.13,3.13,NEUTRAL,559.66,1.0,40.0,0.26,559.2894,C29H41N3O8,11.0,1.0,2.0
494,2331469,CHEMBL4292021,635.76,4.03,8.0,1.0,131.32,12.0,N,1.0,13.19,,4.78,4.78,NEUTRAL,635.76,2.0,46.0,0.21,635.3207,C35H45N3O8,11.0,1.0,2.0
495,2333605,CHEMBL4294157,587.71,3.58,8.0,1.0,131.32,9.0,N,1.0,13.19,,3.82,3.82,NEUTRAL,587.71,1.0,42.0,0.26,587.3207,C31H45N3O8,11.0,1.0,2.0
496,2333782,CHEMBL4294334,537.65,2.7,7.0,2.0,142.32,9.0,N,1.0,3.64,,3.01,-0.32,ACID,537.65,0.0,38.0,0.34,537.305,C27H43N3O8,11.0,2.0,2.0
497,2341716,CHEMBL4434707,359.91,5.65,5.0,1.0,37.28,6.0,N,1.0,11.57,4.97,5.7,5.69,NEUTRAL,359.91,3.0,23.0,0.35,359.0318,C17H14ClN3S2,3.0,1.0,1.0
498,2354410,CHEMBL4447401,394.35,6.31,5.0,1.0,37.28,6.0,N,1.0,11.53,4.58,6.31,6.3,NEUTRAL,394.35,3.0,24.0,0.3,392.9928,C17H13Cl2N3S2,3.0,1.0,1.0
499,2357544,CHEMBL4450535,339.49,5.31,5.0,1.0,37.28,6.0,N,1.0,11.61,5.49,5.61,5.55,NEUTRAL,339.49,3.0,23.0,0.38,339.0864,C18H17N3S2,3.0,1.0,1.0
500,2361695,CHEMBL4454686,370.46,4.91,7.0,1.0,80.42,7.0,N,0.0,11.56,4.9,5.04,5.02,NEUTRAL,370.46,3.0,25.0,0.28,370.0558,C17H14N4O2S2,6.0,1.0,0.0
501,2369010,CHEMBL4462001,418.39,6.07,5.0,1.0,37.28,6.0,N,1.0,12.25,5.05,6.52,6.5,NEUTRAL,418.39,3.0,24.0,0.3,416.9969,C18H16BrN3S2,3.0,1.0,1.0
502,2372407,CHEMBL4465398,394.35,6.31,5.0,1.0,37.28,6.0,N,1.0,11.56,4.57,6.31,6.3,NEUTRAL,394.35,3.0,24.0,0.3,392.9928,C17H13Cl2N3S2,3.0,1.0,1.0
503,2387589,CHEMBL4516178,355.49,5.01,6.0,1.0,46.51,7.0,N,1.0,11.58,5.15,4.94,4.91,NEUTRAL,355.49,3.0,24.0,0.37,355.0813,C18H17N3OS2,4.0,1.0,1.0
504,2429054,CHEMBL4558626,218.21,0.94,3.0,2.0,83.05,3.0,N,0.0,3.82,1.46,1.05,-2.2,ACID,218.21,2.0,16.0,0.8,218.0691,C11H10N2O3,5.0,2.0,0.0
505,2434443,CHEMBL4564015,370.46,4.91,7.0,1.0,80.42,7.0,N,0.0,11.55,4.9,5.04,5.02,NEUTRAL,370.46,3.0,25.0,0.28,370.0558,C17H14N4O2S2,6.0,1.0,0.0
506,2435496,CHEMBL4565068,343.45,5.14,5.0,1.0,37.28,6.0,N,1.0,11.57,4.97,5.24,5.22,NEUTRAL,343.45,3.0,23.0,0.38,343.0613,C17H14FN3S2,3.0,1.0,1.0
507,2435956,CHEMBL4565528,404.36,5.76,5.0,1.0,37.28,6.0,N,1.0,11.57,4.93,5.87,5.85,NEUTRAL,404.36,3.0,23.0,0.32,402.9813,C17H14BrN3S2,3.0,1.0,1.0
508,2439131,CHEMBL4568703,325.46,5.0,5.0,1.0,37.28,6.0,N,1.0,11.6,5.43,5.1,5.04,NEUTRAL,325.46,3.0,22.0,0.39,325.0707,C17H15N3S2,3.0,1.0,1.0
509,2453458,CHEMBL4583027,148.16,1.05,2.0,2.0,41.13,0.0,Y,0.0,13.25,1.79,0.39,0.39,NEUTRAL,148.16,1.0,11.0,0.58,148.0637,C8H8N2O,3.0,2.0,0.0
